Left,p,c,d,n,right,new,min_mod,particles,spelling_mistake,sskrt,verb,?,empty,double,profile,ngram_freq,file name,note_num
ཤེས་སེམས་དཔའ་ཡུན་རིང་དུ། །གནས་པའི་ཕྱིར་,ན་,ནི་,ནི་,ན་,རབ་ཏུ་གནས། །གང་དུ་སྐུ་གཟུགས་རྫོགས་པ་,K,g,,,,,,,,c=d p=n 76.03%,c ནི(44237), ཕྱིར་ནི(568), ནི་རབ་ཏུ(2041); p ན(73509), ཕྱིར་ན(696), ན་རབ་ཏུ(306); d ནི(44237), ཕྱིར་ནི(568), ནི་རབ་ཏུ(2041); n ན(73509), ཕྱིར་ན(696), ན་རབ་ཏུ(306); ,17-38_སྐུ་དང་གསུང་དང་ཐུགས་རབ་ཏུ་གནས་པ།,16
ཡོན་བདག་དཀྱིལ་འཁོར་མཐོང་ན་ལྷ། །མ་མཐོང་,ན་,ནི་,ནི་,ན་,ནི་སྤྲུལ་སྐུས་བྱ། །བླ་མའི་སྐུ་འབག་ཐུགས་,K,g,,,,,,,,c=d p=n 76.03%,c ནི(44237); p ན(73509), ན་ནི(3673), མཐོང་ན(1635); d ནི(44237); n ན(73509), ན་ནི(3673), མཐོང་ན(1635); ,17-38_སྐུ་དང་གསུང་དང་ཐུགས་རབ་ཏུ་གནས་པ།,113
མགོ་ཡིས་ཉེ་བར་ཞི་བར་བྱེད། །ཆུ་སྟོད་,ཀྱི་,ཀྱིས་,ཀྱིས་,ཀྱི་,ནི་བུ་དག་གསོན། །ཁྲུམས་སྨད་རྟག་པར་དངོས་,K,p,,,,,,,,c=d p=n 76.03%,c ཀྱིས(6156), ཀྱིས་ནི(2449); p ཀྱི(5256), ཀྱི་ནི(1448); d ཀྱིས(6156), ཀྱིས་ནི(2449); n ཀྱི(5256), ཀྱི་ནི(1448); ,17-38_སྐུ་དང་གསུང་དང་ཐུགས་རབ་ཏུ་གནས་པ།,5
ཀུན་གནས་ཤིང་། །གཟུགས་བརྙན་མཆོད་རྟེན་ལ་སོགས་,ཀྱིས,ཀྱི,ཀྱི,ཀྱིས,། །དངོས་གྲུབ་དག་ནི་སྟེར་བར་མཛད། །ཡིད་,K,p,,,,,,,,c=d p=n 76.03%,c ཀྱི(5256), ཀྱི།_།(2371); p ཀྱིས(6156), ཀྱིས།_།(3361); d ཀྱི(5256), ཀྱི།_།(2371); n ཀྱིས(6156), ཀྱིས།_།(3361); ,17-38_སྐུ་དང་གསུང་དང་ཐུགས་རབ་ཏུ་གནས་པ།,9
། །ཞི་ཁྲོ་ལ་སོགས་རང་ཚུལ་མཐུན། །ཚད་,ཀྱི་,ཀྱིས་,ཀྱིས་,ཀྱིས་,ཚད་ལ་ཕབ་ཅིང་བཟང་། །དེ་འདྲ་རབ་ཏུ་,K,p,,,,,,,,c=d=n p 3.31%,c ཀྱིས(6156), ཚད་ཀྱིས(138), ཀྱིས་ཚད(46); p ཀྱི(5256), ཀྱི་ཚད(338), ཚད་ཀྱི(206); d ཀྱིས(6156), ཚད་ཀྱིས(138), ཀྱིས་ཚད(46); n ཀྱིས(6156), ཚད་ཀྱིས(138), ཀྱིས་ཚད(46); ,17-38_སྐུ་དང་གསུང་དང་ཐུགས་རབ་ཏུ་གནས་པ།,11
དེ་ལ་བཀྲ་མི་ཤིས་འགྱུར་ཞིང་། །དེ་སྲིད་,མཆོད་པ ར་,མཆོད་པ་,མཆོད་པ ར་,མཆོད་པ ར་,དེ་མི་འོས། །དཔེར་ན་སྐྱེས་བུ་ལ་ལ་,K,p,,,,,,,,c p=d=n 0.83%,c མཆོད་པ(194), མཆོད་པ་དེ(78); p མཆོད་པར(2514); d མཆོད་པར(2514); n མཆོད་པར(2514); ,17-38_སྐུ་དང་གསུང་དང་ཐུགས་རབ་ཏུ་གནས་པ།,17
རིག་པའི་མཚན་ཉིད་སྤངས་པ་ན། །འཇིག་རྟེན་ཀུན་,གྱི་,གྱིས་,གྱིས་,གྱི་,མཆོད་མི་བྱེད། །དེ་བཞིན་བྱིན་མ་བརླབས་སྐུ་,K,p,,,,,,,,c=d p=n 76.03%,c གྱིས(7492), ཀུན་གྱིས(73), གྱིས་མཆོད(41), ཀུན་གྱིས་མཆོད(55); p གྱི(3024), ཀུན་གྱི(88), གྱི་མཆོད(334); d གྱིས(7492), ཀུན་གྱིས(73), གྱིས་མཆོད(41), ཀུན་གྱིས་མཆོད(55); n གྱི(3024), ཀུན་གྱི(88), གྱི་མཆོད(334); ,17-38_སྐུ་དང་གསུང་དང་ཐུགས་རབ་ཏུ་གནས་པ།,19
དེ་བཞིན་ནོ། །རྟེན་འདི་མཐོང་བའི་སྐྱེ་བོ་,ཡི,ཡིས,ཡིས,ཡི,བསོད་ནམས་ཐོབ་པ་དོན་ཡོད་པ། །བསྐལ་པ་,K,p,,,,,,,,c=d p=n 76.03%,c ཡིས(7433), ཡིས།_།(7321); p ཡི(8322), ཡི།_།(8252); d ཡིས(7433), ཡིས།_།(7321); n ཡི(8322), ཡི།_།(8252); ,17-38_སྐུ་དང་གསུང་དང་ཐུགས་རབ་ཏུ་གནས་པ།,23
། །དཔངས་ཁྲུ་རྒྱ་ནི་རྟེན་དང་སྦྱར། །བ་,ཡིས་,ཡི་,ཡི་,ཡིས་,ལྔས་བྱུགས་པད་འཁོར་སེར། །ཉི་ནུབ་དཔོན་སློབ་,K,p,,,,,,,,c=d p=n 76.03%,c ཡི(8322), བ་ཡི(837); p ཡིས(7433), བ་ཡིས(192); d ཡི(8322), བ་ཡི(837); n ཡིས(7433), བ་ཡིས(192); ,17-38_སྐུ་དང་གསུང་དང་ཐུགས་རབ་ཏུ་གནས་པ།,31
དབུལ་བར་བྱ། །རང་རང་སྔགས་དང་རྟེན་འབྲེལ་,གྱིས,གྱི,གྱི,གྱིས,། །སྙིང་པོ་བརྒྱ་དང་རྩ་བརྒྱད་བཟླས། །དེ་,K,p,,,,,,,,c=d p=n 76.03%,c གྱི(3024), གྱི།_།(1099); p གྱིས(7492), གྱིས།_།(3730); d གྱི(3024), གྱི།_།(1099); n གྱིས(7492), གྱིས།_།(3730); ,17-38_སྐུ་དང་གསུང་དང་ཐུགས་རབ་ཏུ་གནས་པ།,52
། །གཉིས་སུ་མེད་བསམས་མེ་ཏོག་དབུལ། །ཐུགས་,ཀྱིས་,ཀྱི་,ཀྱི་,ཀྱིས་,མཆོད་པ་དྲི་ཡིས་བྱུག །དེ་ནས་སྤྱིར་ནི་,K,p,,,,,,,,c=d p=n 76.03%,c ཀྱི(5256), ཐུགས་ཀྱི(1314), ཀྱི་མཆོད་པ(149); p ཀྱིས(6156), ཐུགས་ཀྱིས(311), ཀྱིས་མཆོད་པ(233); d ཀྱི(5256), ཐུགས་ཀྱི(1314), ཀྱི་མཆོད་པ(149); n ཀྱིས(6156), ཐུགས་ཀྱིས(311), ཀྱིས་མཆོད་པ(233); ,17-38_སྐུ་དང་གསུང་དང་ཐུགས་རབ་ཏུ་གནས་པ།,76
། །ཕྱག་རྒྱ་མིང་དབང་ལས་བཞིའི་དབང་། །ཆོས་,ཀྱིས་,ཀྱི་,ཀྱི་,ཀྱིས་,རྒྱལ་པོ་གསང་བའི་དབང་། །ཐབས་ཤེས་གདུགས་དང་,K,p,,,,,,,,c=d p=n 76.03%,c ཀྱི(5256), ཆོས་ཀྱི(24644), ཀྱི་རྒྱལ་པོ(64), ཆོས་ཀྱི་རྒྱལ་པོ(325), །_།ཆོས་ཀྱི་རྒྱལ་པོ(70); p ཀྱིས(6156), ཆོས་ཀྱིས(1404), ཀྱིས་རྒྱལ་པོ(309); d ཀྱི(5256), ཆོས་ཀྱི(24644), ཀྱི་རྒྱལ་པོ(64), ཆོས་ཀྱི་རྒྱལ་པོ(325), །_།ཆོས་ཀྱི་རྒྱལ་པོ(70); n ཀྱིས(6156), ཆོས་ཀྱིས(1404), ཀྱིས་རྒྱལ་པོ(309); ,17-38_སྐུ་དང་གསུང་དང་ཐུགས་རབ་ཏུ་གནས་པ།,77
ནས་ཡོན་བདག་མདུན་བཞག་ལ། །མེ་ཏོག་དྲི་,ཡིས་,ཡི་,ཡི་,ཡིས་,མངའ་གསོལ་བ། །རྟེན་འབྲེལ་སྙིང་པོ་ཟློས་བཞིན་,K,p,,,,,,,,c=d p=n 76.03%,c ཡི(8322), དྲི་ཡི(173); p ཡིས(7433), དྲི་ཡིས(97); d ཡི(8322), དྲི་ཡི(173); n ཡིས(7433), དྲི་ཡིས(97); ,17-38_སྐུ་དང་གསུང་དང་ཐུགས་རབ་ཏུ་གནས་པ།,84
། །སྐབས་འདིར་སྦྱིན་ཏེ་འདི་སྐད་བརྗོད། །སྔགས་,ཀྱིས་,ཀྱི་,ཀྱི་,ཀྱིས་,གཙང་སྦྲའི་བཟའ་བཅའ་དག །གཟུགས་བརྙན་བདག་པོ་,K,p,,,,,,,,c=d p=n 76.03%,c ཀྱི(5256), སྔགས་ཀྱི(3757); p ཀྱིས(6156), སྔགས་ཀྱིས(97); d ཀྱི(5256), སྔགས་ཀྱི(3757); n ཀྱིས(6156), སྔགས་ཀྱིས(97); ,17-38_སྐུ་དང་གསུང་དང་ཐུགས་རབ་ཏུ་གནས་པ།,92
གཏང་རག་སྟེ། །གཉེན་དང་རིགས་རྒྱུད་འཁོར་རྣམས་,ཀྱིས,ཀྱི,ཀྱི,ཀྱིས,། །བཟང་བའི་གླུ་གར་རོལ་མོ་སྟེ། །དུང་,K,p,,,,,,,,c=d p=n 76.03%,c ཀྱི(5256), ཀྱི།_།(2371), རྣམས་ཀྱི(571), རྣམས་ཀྱི།_།(509); p ཀྱིས(6156), ཀྱིས།_།(3361), རྣམས་ཀྱིས(952), རྣམས་ཀྱིས།_།(763); d ཀྱི(5256), ཀྱི།_།(2371), རྣམས་ཀྱི(571), རྣམས་ཀྱི།_།(509); n ཀྱིས(6156), ཀྱིས།_།(3361), རྣམས་ཀྱིས(952), རྣམས་ཀྱིས།_།(763); ,17-38_སྐུ་དང་གསུང་དང་ཐུགས་རབ་ཏུ་གནས་པ།,93
རང་རང་ལྷ་ལ་ཆོས་སྐུར་ཐིམ། །བསམས་ལ་,རྡོ་རྗེ ས་,རྡོ་རྗེ ས་,རྡོ་རྗེ ས་,རྡོ་རྗེ་,མཆོད་བསྟོད་བྱ། །རྗེས་སོགས་སྤྱི་དང་མཐུན་པར་,K,p,,,,,,,,c=p=d n 7.44%,c རྡོ་རྗེས(1965); p རྡོ་རྗེས(1965); d རྡོ་རྗེས(1965); n རྡོ་རྗེ(204), ལ་རྡོ་རྗེ(332); ,17-38_སྐུ་དང་གསུང་དང་ཐུགས་རབ་ཏུ་གནས་པ།,100
གཏི་མུག་ལ། །ཕན་ཕྱིར་གཞན་གྱིས་བསྐུལ་ནས་,བྲི,བྲི ས,བྲི ས,བྲི,། །མ་རྟོགས་ནོངས་པ་བཟོད་པར་གསོལ། །བརྩམས་པའི་,K,p,,,,,,,,c=d p=n 76.03%,c བྲིས(81), བྲིས།_།(64); p བྲི(1403), བྲི།_།(1328); d བྲིས(81), བྲིས།_།(64); n བྲི(1403), བྲི།_།(1328); ,17-38_སྐུ་དང་གསུང་དང་ཐུགས་རབ་ཏུ་གནས་པ།,117
དང་པ་བ་སངས། །ཟླ་བ་བཟང་ལྡན་གཟའ་,སྟེ་,དེ་,དེ་,སྟེ་,ཤིས། །ཉི་སྤེན་དམག་དཔོན་ནོར་འཇོམས་ངན། །,K,,✘,,,,,,,c=d p=n 76.03%,c དེ(1); p སྟེ(27897); d དེ(1); n སྟེ(27897); ,17-38_སྐུ་དང་གསུང་དང་ཐུགས་རབ་ཏུ་གནས་པ།,3
ཀུན། །ལུས་ངག་ཡིད་སྤྱོད་བཟང་ལྟས་བྱ། །,ངན་བ འི་,ངན་པ འི་,ངན་པ འི་,ངན་བ འི་,ཕྱོགས་ཀུན་ཐག་རིང་སྤང་། །བཟང་ངན་གང་བྱུང་,K,,པ་བ་,,,,≡,,,c=d p=n 76.03%,c ངན་པའི(439); p ; d ངན་པའི(439); n ; ,17-38_སྐུ་དང་གསུང་དང་ཐུགས་རབ་ཏུ་གནས་པ།,28
ཁྱིམ་བྷཱུཾ་ལས་འཁོར་རྣམ་སྣང་། །གསུང་རིགས་དམར་,དང་པོ་བོ་,དང་པོ་,དང་པོ་,དང་པོ་,ཏི་ཅོད། །གཎྜཱི་ཆ་ལང་དྲིལ་བུ་སོགས། །ཛྲ[ྀ]འོཾ་,K,,≠,,,,,,,c=d=n p 3.31%,c དང་པོ(193); p ; d དང་པོ(193); n དང་པོ(193); ,17-38_སྐུ་དང་གསུང་དང་ཐུགས་རབ་ཏུ་གནས་པ།,102
ཟླ་དྲུག་ལྷོར། །ནག་འཕེལ་དྲག་ཉི་དེར་མི་,བརྩམ,བརྩམ,བརྩམ,#བཙམ(བཙུམ),། །ཕུར་བུ་ལག་དང་པ་བ་སངས། །ཟླ་,K,,,v,,,,,,c=p=d n 7.44%,c བརྩམ(219); p བརྩམ(219); d བརྩམ(219); n བཙམ(5); ,17-38_སྐུ་དང་གསུང་དང་ཐུགས་རབ་ཏུ་གནས་པ།,2
གདམས་ངག་དགོས། །སྟ་གོན་བགེགས་ནི་བསྐྲད་པའི་,གནང ་།_།,#གནད །_།(གནོད),#གནད །_།(གནོད),གནང ་།_།,དངོས་གཞི་བྱིན་རླབས་སྦར་བའི་གནད། །རྗེས་ནི་བསྟན་,K,,,v,,,,,,c=d p=n 76.03%,c ; p ; d ; n ; ,17-38_སྐུ་དང་གསུང་དང་ཐུགས་རབ་ཏུ་གནས་པ།,38
ནི་བསྐྲད་པའི་གནད། །དངོས་གཞི་བྱིན་རླབས་སྦར་བའི་,གནང ་།_།,#གནད །_།(གནོད),#གནད །_།(གནོད),གནང ་།_།,རྗེས་ནི་བསྟན་པ་དར་རྒྱས་གསུམ། །སྟ་གོན་,K,,,v,,,,,,c=d p=n 76.03%,c ; p ; d ; n ; ,17-38_སྐུ་དང་གསུང་དང་ཐུགས་རབ་ཏུ་གནས་པ།,40
། །སེང་གེའི་ཉལ་སྟབས་ཆོས་ཉིད་ཉལ། །སྐྱ་,#རེང་(རེད་),#རིངས་,རེངས་,#རེང་(རེད་),ཤར་དུས་ཆོས་ཉིད་ལས། །ལངས་ཏེ་ཁྲུས་བྱས་,K,,,ངད,,,,,,c p=n d 2.48%,c རིངས(3); p རེང(33); d རེངས(8), རེངས་ཤར(135), སྐྱ་རེངས(429), སྐྱ་རེངས་ཤར(135); n རེང(33); ,17-38_སྐུ་དང་གསུང་དང་ཐུགས་རབ་ཏུ་གནས་པ།,41
སྤྲུལ་སྐུའི་གཞར། །ལོངས་སྐུའི་དུང་གི་སོ་མང་,མང་,#མངས་(མདས་),#མངས་(མདས་),མང་,བཤད། །ཤངས་དབྱེས་སྤུ་འཐོག་ཚེམས་རྩ་བྲུ། །,K,,,ངད,,,,,,c=d p=n 76.03%,c མངས(2); p མང(8); d མངས(2); n མང(8); ,17-38_སྐུ་དང་གསུང་དང་ཐུགས་རབ་ཏུ་གནས་པ།,63
རྟོགས་ནོངས་པ་བཟོད་པར་གསོལ། །བརྩམས་པའི་དགེ་བ་,#བཅུང་ ཟད་(བཅུད་),ཅུང་ཟད་,ཅུང་ཟད་,བཅུ་ ཟད་,དེས། །སེམས་ཅན་བདེ་ཆེན་སྐུ་ཐོབ་ཤོག །,K,,,ངད,,,,,,c=d p n 4.13%,c ཅུང་ཟད(3032); p ; d ཅུང་ཟད(3032); n ; ,17-38_སྐུ་དང་གསུང་དང་ཐུགས་རབ་ཏུ་གནས་པ།,119
ཀུན་རྫོབ་སྐུ་གསུང་ཐུགས་གསུམ་སྟེ། །ཡོན་ཏན་,#འཕྲིན་ ལས་,ཕྲིན་ལས་,ཕྲིན་ལས་,#འཕྲིན་ ལས་,ཞོར་ལ་འབྱུང་། །དམ་ཚིག་སེམས་དཔའ་སྦྱངས་བསྐྱེད་,K,,,nw✓,,,,,,c=d p=n 76.03%,c ཕྲིན་ལས(1040), ཡོན་ཏན་ཕྲིན་ལས(63); p འཕྲིན་ལས(142); d ཕྲིན་ལས(1040), ཡོན་ཏན་ཕྲིན་ལས(63); n འཕྲིན་ལས(142); ,17-38_སྐུ་དང་གསུང་དང་ཐུགས་རབ་ཏུ་གནས་པ།,14
བུམ་པའི་བསྙེན་སྒྲུབ་གཞུང་ལྟར་བྱ། །དེ་ཡང་,བསྲུངས་པ འི་,སྲུང་བ འི་,སྲུང་བ འི་,#བསུང་བ འི་,འཁོར་ལོ་ནས། །མཆོད་བསྟོད་བསྒོམ་བཟླས་བར་དུ་,K,,,nw✓,,,,,,c=d p n 4.13%,c སྲུང་བའི(328); p བསྲུངས་པའི(98); d སྲུང་བའི(328); n ; ,17-38_སྐུ་དང་གསུང་དང་ཐུགས་རབ་ཏུ་གནས་པ།,33
ལ་བཀའ་བསྒོ་བདེན་བདར་བྱ། །ནང་ཞུགས་ཉེ་,#རེགས་,རེག་,རེག་,#རེགས་,འཐོར་འཐུང་བྱས། །སྔོན་དུ་ཡོན་བདག་དབང་རྒྱས་,K,,,nw✓,,,,,,c=d p=n 76.03%,c རེག(122), ཉེ་རེག(97); p རེགས(14); d རེག(122), ཉེ་རེག(97); n རེགས(14); ,17-38_སྐུ་དང་གསུང་དང་ཐུགས་རབ་ཏུ་གནས་པ།,34
དེ་རྗེས་ཆུ་མེས་དེ་ལྟར་བྱ། །ཡང་ན་,གཡེམ་,#གཡམ་,#གཡམ་,གཡེམ་,སྟེང་ཆུ་མེ་དང་། །ཞོ་ཟན་བསྲེས་དང་ཡུངས་,K,,,nw✓,,,,,,c=d p=n 76.03%,c གཡམ(10); p གཡེམ(521); d གཡམ(10); n གཡེམ(521); ,17-38_སྐུ་དང་གསུང་དང་ཐུགས་རབ་ཏུ་གནས་པ།,44
ཏེ། །ཆབ་གཙང་ཆུ་གཙང་སྨན་ཆབ་དང་། །,#སྤྲུ་,སྤུ་,སྤུ་,#སྤྲུ་,ཆབ་འོ་མ་འབྲུ་སྣ་ལྔ། །རིན་ཆེན་མཆོད་,K,,,nw✓,,,,,,c=d p=n 76.03%,c སྤུ(12), །_།སྤུ(150); p སྤྲུ(3); d སྤུ(12), །_།སྤུ(150); n སྤྲུ(3); ,17-38_སྐུ་དང་གསུང་དང་ཐུགས་རབ་ཏུ་གནས་པ།,46
རས་ཀྱིས་སྐུ་ཕྱིས་ལ། །དབང་སྟེགས་སྟེང་དུ་,ཞུགས་,#གཞུགས་,བཞུགས་,བཞུགས་,གསོལ་ལ། །མར་དང་དྲི་ལྔ་ག་པུར་དང་,K,,,nw✓,,,,,,c p d=n 1.65%,c གཞུགས(5); p ཞུགས(471), དུ་ཞུགས(3592); d བཞུགས(1247), དུ་བཞུགས(75); n བཞུགས(1247), དུ་བཞུགས(75); ,17-38_སྐུ་དང་གསུང་དང་ཐུགས་རབ་ཏུ་གནས་པ།,47
ཡེ་ཤེས་སེམས་དཔའ་ཡི། །སྤྱན་དྲང་ཆོས་བརྒྱད་,#གཉན་,སྙན་,སྙན་,#གཉན་,གསན་དབབ། །སྤྱན་དྲངས་བཞུགས་གསོལ་ཁྲུས་མཆོད་ཡོན,K,,,nw✓,,,,,,c=d p=n 76.03%,c སྙན(34); p གཉན(24); d སྙན(34); n གཉན(24); ,17-38_སྐུ་དང་གསུང་དང་ཐུགས་རབ་ཏུ་གནས་པ།,49
། །བུམ་པ་བྱང་ཆུབ་ཡན་ལག་བདུན། །ཁ་,#བསྒྱེར་,ཁྱེར་,ཁྱེར་,#བསྒྱེར་,འཕགས་ལམ་ཡན་ལག་བརྒྱད། །དེ་དག་རྒྱུ་ཆོས་,K,,,nw✓,,,,,,c=d p=n 76.03%,c ཁྱེར(77), ཁ་ཁྱེར(197); p ; d ཁྱེར(77), ཁ་ཁྱེར(197); n ; ,17-38_སྐུ་དང་གསུང་དང་ཐུགས་རབ་ཏུ་གནས་པ།,57
། །དྲན་པ་ཉེར་གཞག་གསུམ་དུ་བརླབ། །ཆར་,ཁེབས་,#ཁབས་,#ཁབས་,ཁེབས་,གདུགས་ནི་ཐུགས་རྗེའི་སྐྱབས། །ཏོག་ནི་ཆོས་དབྱིངས་,K,,,nw✓,,,,,,c=d p=n 76.03%,c ; p ཁེབས(31); d ; n ཁེབས(31); ,17-38_སྐུ་དང་གསུང་དང་ཐུགས་རབ་ཏུ་གནས་པ།,59
གསུམ་ནང་གཞལ་ཡས། །རྡོ་རིང་རིན་ཆེན་ཐེམ་,སྐད་,#སྐས་,#སྐས་,སྐད་,དང་། །ཆུ་སྲིན་རྒྱལ་མཚན་དར་དབྱངས་དང་། །,K,,,nw✓,,,,,,c=d p=n 76.03%,c སྐས(5), ཐེམ་སྐས(201); p སྐད(50), སྐད་དང(263); d སྐས(5), ཐེམ་སྐས(201); n སྐད(50), སྐད་དང(263); ,17-38_སྐུ་དང་གསུང་དང་ཐུགས་རབ་ཏུ་གནས་པ།,60
ཤངས་དབྱེས་སྤུ་འཐོག་ཚེམས་རྩ་བྲུ། །ལྗགས་བཞར་,སྙན་ #སྦབས་,སྙན་ #སྤབས་,སྙན་ #སྤབས་,སྙམ་ #སྦབས་,བྲུ་ཞིང་བསལ། །ན་བཟའ་སྤྲུལ་པའི་སྐུ་ལ་,K,,,nw✓,,,,,,c=d p n 4.13%,c ; p ; d ; n ; ,17-38_སྐུ་དང་གསུང་དང་ཐུགས་རབ་ཏུ་གནས་པ།,65
། །སྤྲུལ་སྐུ་རྒྱན་མེད་ལོངས་ཞི་ལ། །བྲིས་,#དཀོད་ འབུལ་ བསམས་,བཀོད་ དབུལ་ བསམ་,བཀོད་ དབུལ་ བསམ་,འགོད་ འབུལ་ བསམས་,ཆོ་གས་དབུལ། །དངོས་སུ་དབུལ་དུ་ཡོད་ན་,K,,,nw✓,,,,,,c=d p n 4.13%,c ; p ; d ; n ; ,17-38_སྐུ་དང་གསུང་དང་ཐུགས་རབ་ཏུ་གནས་པ།,69
དོན་གསུང་སྐྱེ་འགག་མེད་པར་བརླབ། །ཚིག་གསུང་,ཡིག་འབྲུ་,ཡིག་འབྲུ་,ཡིག་འབྲུ་,ཡིག་ #འགྲུ་,གསུང་རབ་ནི། །ཡན་ལག་ཚད་མེད་བཞི་བཅུར་,K,,,nw✓,,,,,,c=p=d n 7.44%,c ཡིག་འབྲུ(231); p ཡིག་འབྲུ(231); d ཡིག་འབྲུ(231); n ; ,17-38_སྐུ་དང་གསུང་དང་ཐུགས་རབ་ཏུ་གནས་པ།,70
ལག་ཚད་མེད་བཞི་བཅུར་བརླབ། །ཁྲི་དབུལ་གླེགས་,,ཤིང་ #གླེགས་,ཤིང་ #གླེགས་,,ཐག་དབུལ། །ན་བཟའ་ཞལ་ཁེབས་རྒྱ་རིམ་བདུན,K,,,nw✓,,,,,,c=d p=n 76.03%,c ; p (1), ཐག(83), གླེགས(1); d ; n (1), ཐག(83), གླེགས(1); ,17-38_སྐུ་དང་གསུང་དང་ཐུགས་རབ་ཏུ་གནས་པ།,71
གསུམ། །རིགས་ལྔ་ལ་སོགས་མང་པོ་ནི། །,#ཀླག་,བཀླག་,བཀླག་,#ཀླག་,དང་གྱེར་བས་ཞལ་བསྲོ་བྱ། །གོང་དུ་ཅོད་,K,,,nw✓,,,,,,c=d p=n 76.03%,c བཀླག(16); p ཀླག(231); d བཀླག(16); n ཀླག(231); ,17-38_སྐུ་དང་གསུང་དང་ཐུགས་རབ་ཏུ་གནས་པ།,78
རྒྱས་པར་བྱ། །དཀྱིལ་འཁོར་ལྷ་གཤེགས་དམ་ཚིག་,#སྡུ,བསྡུ,བསྡུ,#སྡུ,། །རྡུལ་ཚོན་ཨ་ཀཱར་སྔགས་བསྡུས་ཏེ། །ཆུ་,K,,,nw✓,,,,,,c=d p=n 76.03%,c བསྡུ(101), བསྡུ།_།(96); p སྡུ(24); d བསྡུ(101), བསྡུ།_།(96); n སྡུ(24); ,17-38_སྐུ་དང་གསུང་དང་ཐུགས་རབ་ཏུ་གནས་པ།,94
ལས་འཁོར་རྣམ་སྣང་། །གསུང་རིགས་དམར་དང་པོ་ཏི་,#ཅོང ་།_།,#ཅོད །_།,#ཅོད །_།,#ཅོང ་།_།,གཎྜཱི་ཆ་ལང་དྲིལ་བུ་སོགས། །ཛྲ[ྀ]འོཾ་ལས་པདྨ་,K,,,nw✓,,,,,,c=d p=n 76.03%,c ; p ; d ; n ; ,17-38_སྐུ་དང་གསུང་དང་ཐུགས་རབ་ཏུ་གནས་པ།,103
པཾ་ཀ་ར་དང་། །ལོ་ཙཱ་བ་རྒྱ་བརྩོན་,གིས་ བྲི་ ག་ མ་ ལ་,སེང་གེ ས་ #བི་ #ཀྲ་ མ་,སེང་གེ ས་ #བི་ #ཀྲ་ མ་,གིས་ བྲི་ ག་ མ་ ལ་,ཤཱི་ལར་བསྒྱུར་ཅིང་ཞུས་ཏེ་གཏན་ལ་ཕབ་པའོ,K,,,nw✓,,,,,,c=d p=n 76.03%,c ; p ; d ; n ; ,17-38_སྐུ་དང་གསུང་དང་ཐུགས་རབ་ཏུ་གནས་པ།,120
། །མར་དང་དྲི་ལྔ་ག་པུར་དང་། །ཙནྡན་,ཛ་,#ཛཱ་,#ཛཱ་,ཛ་,ཏི་གུར་གུམ་དང་། །གླ་རྩི་བྱུགས་ཏེ་སྟོང་,K,,,,✓,,,,,c=d p=n 76.03%,c ཛཱ(35), ཛཱ་ཏི(64); p ཛ(231); d ཛཱ(35), ཛཱ་ཏི(64); n ཛ(231); ,17-38_སྐུ་དང་གསུང་དང་ཐུགས་རབ་ཏུ་གནས་པ།,48
ཡང་ན་སྔགས་འདིས་བཅིང་བྱས་ཏེ། །ཨོཾ་ཧཱུཾ་,#ཨཾ་ #བཛྲིཁཾ,#ཨྃ་ #ཛྲྀཾཁཾ,ཨོཾ་ #ཛྲཱ[ྀ]ཁཾ,ཨ་ #བཛྲིཁཾ,ཁཾ། སྐུ་ཡི་སུམ་འགྱུར་ཁྲི་ལ་ནི། །,K,,,,✓,,,,,c p d n 0.83%,c ; p ; d ; n ; ,17-38_སྐུ་དང་གསུང་དང་ཐུགས་རབ་ཏུ་གནས་པ།,80
དཀར་རིགས་ལྷ་ཁང་མཆོད་རྟེན་གནས། །ཁང་ཁྱིམ་,#བྲུམ་,#བྷཱུཾ་,#བྷཱུཾ་,#བྲུཾ་,ལས་འཁོར་རྣམ་སྣང་། །གསུང་རིགས་དམར་དང་པོ་ཏི་,K,,,,✓,,,,,c=d p n 4.13%,c ; p ; d ; n བྲུཾ(1); ,17-38_སྐུ་དང་གསུང་དང་ཐུགས་རབ་ཏུ་གནས་པ།,101
འཁོར་རྣམ་སྣང་། །གསུང་རིགས་དམར་དང་པོ་ཏི་ཅོད། །,#གཎྜི་,#གཎྜཱི་,#གཎྜཱི་,#གཎྜི་,ཆ་ལང་དྲིལ་བུ་སོགས། །ཛྲ[ྀ]འོཾ་ལས་པདྨ་སྣང་,K,,,,✓,,,,,c=d p=n 76.03%,c གཎྜཱི(282); p གཎྜི(1); d གཎྜཱི(282); n གཎྜི(1); ,17-38_སྐུ་དང་གསུང་དང་ཐུགས་རབ་ཏུ་གནས་པ།,104
དང་པོ་ཏི་ཅོད། །གཎྜཱི་ཆ་ལང་དྲིལ་བུ་སོགས། །,#ཛྲི་,#ཛྲཱིཾ་,#ཛྲ[ྀ]འོཾ་,#ཛྲི་,ལས་པདྨ་སྣང་མཐའ་ཡས། །ནག་སྔོ་རྡོ་རྗེ་ཕུར་,K,,,,✓,,,,,c p=n d 2.48%,c ཛྲཱིཾ(2); p ཛྲི(11); d ; n ཛྲི(11); ,17-38_སྐུ་དང་གསུང་དང་ཐུགས་རབ་ཏུ་གནས་པ།,105
རྗེ་འཆང་ནས་གཉིས་བརྒྱུད་པའི། །ལུང་དང་འདྲ་བའི་,ན་,#ནཱ་,#ནཱ་,ན་,རོ་དང་། །བྱང་ཆུབ་སེམས་ལས་ཐོབ་པ་ཡི,K,,,,✓,,,,,c=d p=n 76.03%,c ནཱ(62); p ན(73509), ན་རོ(70); d ནཱ(62); n ན(73509), ན་རོ(70); ,17-38_སྐུ་དང་གསུང་དང་ཐུགས་རབ་ཏུ་གནས་པ།,116
མཚན་མ་ཐོབ་པ་ན། །གཟའ་དང་རྒྱུ་སྐར་,རྩི་,བརྩི་,བརྩི་,རྩི་,མི་དགོས། །བགེགས་དང་ལོག་པར་འདྲེན་པའང་མེད,K,,,,,⟶,,,,c=d p=n 76.03%,c བརྩི(7); p རྩི(13); d བརྩི(7); n རྩི(13); ,17-38_སྐུ་དང་གསུང་དང་ཐུགས་རབ་ཏུ་གནས་པ།,8
། །ཆོས་རྣམས་ཐམས་ཅད་འོད་གསལ་ལ་དུ། །,རྟོགས་,རྟོག་,རྟོག་,རྟོགས་,དང་ལྡན་པའི་མཆོད་གནས་ལ། །རབ་ཏུ་གནས་,K,,,,,⟶,,,,c=d p=n 76.03%,c རྟོག(711), །_།རྟོག(844), རྟོག་དང(134), །_།རྟོག་དང(58); p རྟོགས(481), རྟོགས་དང(62), །_།རྟོགས(264); d རྟོག(711), །_།རྟོག(844), རྟོག་དང(134), །_།རྟོག་དང(58); n རྟོགས(481), རྟོགས་དང(62), །_།རྟོགས(264); ,17-38_སྐུ་དང་གསུང་དང་ཐུགས་རབ་ཏུ་གནས་པ།,12
པ་བྱས་ནས་ཀྱང་། །རི་མོ་འདི་ནི་མདུན་,གཞག་,བཞག་,བཞག་,གཞག་,ན། །སྔགས་རྣམས་མ་ལུས་འགྲུབ་པར་འགྱུར། །,K,,,,,⟶,,,,c=d p=n 76.03%,c བཞག(491), བཞག་ན(271); p གཞག(599); d བཞག(491), བཞག་ན(271); n གཞག(599); ,17-38_སྐུ་དང་གསུང་དང་ཐུགས་རབ་ཏུ་གནས་པ།,22
། །བཀའ་བསྒོ་སློབ་མས་རྫས་བསོགས་ཏེ། །ཡིད་,འོངས་,འོང་,འོང་,འོངས་,གནས་སུ་བསྙེན་གསུམ་བསྐྱལ། ས་ཡི་ཆོ་ག་,K,,,,,⟶,,,,c=d p=n 76.03%,c འོང(10), ཡིད་འོང(785); p འོངས(372); d འོང(10), ཡིད་འོང(785); n འོངས(372); ,17-38_སྐུ་དང་གསུང་དང་ཐུགས་རབ་ཏུ་གནས་པ།,27
བསྐྲད་ཆད་ལྷག་བསྐང་བྱས་ཏེ། །བུམ་པའི་བསྙེན་,བསྒྲུབ་,སྒྲུབ་,སྒྲུབ་,བསྒྲུབ་,གཞུང་ལྟར་བྱ། །དེ་ཡང་སྲུང་བའི་འཁོར་ལོ་ནས,K,,,,,⟶,,,,c=d p=n 76.03%,c སྒྲུབ(176); p བསྒྲུབ(271); d སྒྲུབ(176); n བསྒྲུབ(271); ,17-38_སྐུ་དང་གསུང་དང་ཐུགས་རབ་ཏུ་གནས་པ།,32
བྱ། །ཁྲོ་བོའི་བསྟོད་བཟླས་ར་དྲ་སོགས། །,བསྲུང་,སྲུང་,སྲུང་,བསྲུང་,འཁོར་རྒྱས་པར་བསྒོམ་པར་བྱ། །གོང་ནས་རྟེན་,K,,,,,⟶,,,,c=d p=n 76.03%,c སྲུང(2), །_།སྲུང(110); p བསྲུང(3), །_།བསྲུང(294); d སྲུང(2), །_།སྲུང(110); n བསྲུང(3), །_།བསྲུང(294); ,17-38_སྐུ་དང་གསུང་དང་ཐུགས་རབ་ཏུ་གནས་པ།,35
གསུང་ཐུགས་རྣམས་ལ། །རང་རང་ཆོ་ག་གཞུང་,བསྲང་,བསྲངས་,བསྲངས་,བསྲང་,ལ། །མཆོད་རྟེན་ལ་སོགས་ཐུགས་རྟེན་ལ། །,K,,,,,⟶,,,,c=d p=n 76.03%,c བསྲངས(14); p བསྲང(82); d བསྲངས(14); n བསྲང(82); ,17-38_སྐུ་དང་གསུང་དང་ཐུགས་རབ་ཏུ་གནས་པ།,53
ཐུགས་རྟེན་ལ། །ཁྱད་པར་ཆོས་བཞི་བྱིན་གྱིས་,བརླབས,བརླབ,བརླབ,བརླབས,། །རྡོ་རིང་ཐེམ་སྐས་ཆུ་སྲིན་གྱི། །རྒྱལ་,K,,,,,⟶,,,,c=d p=n 76.03%,c བརླབ(104), བརླབ།_།(103), གྱིས་བརླབ(87), གྱིས་བརླབ།_།(86), བྱིན་གྱིས་བརླབ།_།(86); p བརླབས(156), བརླབས།_།(134), གྱིས་བརླབས(137), གྱིས་བརླབས།_།(119), བྱིན་གྱིས་བརླབས།_།(119); d བརླབ(104), བརླབ།_།(103), གྱིས་བརླབ(87), གྱིས་བརླབ།_།(86), བྱིན་གྱིས་བརླབ།_།(86); n བརླབས(156), བརླབས།_།(134), གྱིས་བརླབས(137), གྱིས་བརླབས།_།(119), བྱིན་གྱིས་བརླབས།_།(119); ,17-38_སྐུ་དང་གསུང་དང་ཐུགས་རབ་ཏུ་གནས་པ།,54
ཆོས་ཀྱི་དབྱིངས། །སེང་ཁྲི་མི་འཇིགས་བཞིར་བྱིན་,བརླབས,བརླབ,བརླབ,བརླབས,། །རྨང་ནི་དགེ་བཅུ་ཁྲི་འཕང་ནི། །དང་,K,,,,,⟶,,,,c=d p=n 76.03%,c བརླབ(104), བརླབ།_།(103), བྱིན་བརླབ(57); p བརླབས(156), བརླབས།_།(134), བྱིན་བརླབས(707); d བརླབ(104), བརླབ།_།(103), བྱིན་བརླབ(57); n བརླབས(156), བརླབས།_།(134), བྱིན་བརླབས(707); ,17-38_སྐུ་དང་གསུང་དང་ཐུགས་རབ་ཏུ་གནས་པ།,55
དབང་པོ་ལྔ། །བུམ་རྟེན་སྟོབས་ལྔར་བྱིན་གྱིས་,བརླབས,བརླབ,བརླབ,བརླབས,། །བུམ་པ་བྱང་ཆུབ་ཡན་ལག་བདུན། །ཁ་,K,,,,,⟶,,,,c=d p=n 76.03%,c བརླབ(104), བརླབ།_།(103), གྱིས་བརླབ(87), གྱིས་བརླབ།_།(86), བྱིན་གྱིས་བརླབ།_།(86); p བརླབས(156), བརླབས།_།(134), གྱིས་བརླབས(137), གྱིས་བརླབས།_།(119), བྱིན་གྱིས་བརླབས།_།(119); d བརླབ(104), བརླབ།_།(103), གྱིས་བརླབ(87), གྱིས་བརླབ།_།(86), བྱིན་གྱིས་བརླབ།_།(86); n བརླབས(156), བརླབས།_།(134), གྱིས་བརླབས(137), གྱིས་བརླབས།_།(119), བྱིན་གྱིས་བརླབས།_།(119); ,17-38_སྐུ་དང་གསུང་དང་ཐུགས་རབ་ཏུ་གནས་པ།,56
ས་བོན་ལྔ་ཡི་གཏོར་བྱའི་དོན། །སྐྱེ་མེད་,རྟོགས་པ་,རྟོག་པ་,རྟོག་པ་,རྟོགས་པ་,གསལ་བ་ཡིས། །ཆོས་སྐུ་ལ་ནི་ཆོས་སྐུ་,K,,,,,⟶,,,,c=d p=n 76.03%,c རྟོག་པ(179); p རྟོགས་པ(218); d རྟོག་པ(179); n རྟོགས་པ(218); ,17-38_སྐུ་དང་གསུང་དང་ཐུགས་རབ་ཏུ་གནས་པ།,74
སྐུ་ལ་ནི་ཆོས་སྐུ་ཐིམ། །གཉིས་སུ་མེད་,བསམ་,བསམས་,བསམས་,བསམ་,མེ་ཏོག་དབུལ། །ཐུགས་ཀྱི་མཆོད་པ་དྲི་ཡིས་,K,,,,,⟶,,,,c=d p=n 76.03%,c བསམས(54); p བསམ(706), མེད་བསམ(152); d བསམས(54); n བསམ(706), མེད་བསམ(152); ,17-38_སྐུ་དང་གསུང་དང་ཐུགས་རབ་ཏུ་གནས་པ།,75
གཉིས། །མེ་ཏོག་གཏོར་ཏེ་གདན་ཁྲི་ནས། །,གཟུང་,བཟུང་,བཟུང་,གཟུང་,ལ་བཞུགས་པར་ལན་གསུམ་གསོལ། །དེ་ནས་མཚན་,K,,,,,⟶,,,,c=d p=n 76.03%,c བཟུང(11), བཟུང་ལ(54), །_།བཟུང(107); p གཟུང(5), །_།གཟུང(286); d བཟུང(11), བཟུང་ལ(54), །_།བཟུང(107); n གཟུང(5), །_།གཟུང(286); ,17-38_སྐུ་དང་གསུང་དང་ཐུགས་རབ་ཏུ་གནས་པ།,82
བཞིན་དུ། །ལྷ་ལ་དབུལ་བ་བཞིན་བྱས་ལ། །,གཟེང་,གཟེང་,གཟེངས་,གཟེངས་,བསྟོད་མཆོད་པའི་རྗེས་གནང་སྦྱིན། །གསང་བའི་བདག་,K,,,,,⟶,,,,c=p d=n 0.83%,c གཟེང(49); p གཟེང(49); d གཟེངས(511), གཟེངས་བསྟོད(94); n གཟེངས(511), གཟེངས་བསྟོད(94); ,17-38_སྐུ་དང་གསུང་དང་ཐུགས་རབ་ཏུ་གནས་པ།,86
བསྐྲད་བཀྲུ་སོགས་གོང་ལྟར་བྱ། །བསྐྱེད་དེ་སྤྱན་,དྲང་,དྲངས་,དྲངས་,དྲང་,སྐུ་གསུང་ཐུགས། །བྱིན་གྱིས་བརླབ་དང་དབང་བསྐུར་,K,,,,,⟶,,,,c=d p=n 76.03%,c དྲངས(45), སྤྱན་དྲངས(611); p དྲང(1), སྤྱན་དྲང(428); d དྲངས(45), སྤྱན་དྲངས(611); n དྲང(1), སྤྱན་དྲང(428); ,17-38_སྐུ་དང་གསུང་དང་ཐུགས་རབ་ཏུ་གནས་པ།,96
བསྐྱེད་དེ་སྤྱན་དྲངས་སྐུ་གསུང་ཐུགས། །བྱིན་གྱིས་,བརླབས་,བརླབ་,བརླབ་,བརླབས་,དང་དབང་བསྐུར་བ། །སྙིང་གའི་ས་བོན་འོད་,K,,,,,⟶,,,,c=d p=n 76.03%,c བརླབ(104), གྱིས་བརླབ(87); p བརླབས(156), བརླབས་དང(73), གྱིས་བརླབས(137), གྱིས་བརླབས་དང(50), བྱིན་གྱིས་བརླབས་དང(50); d བརླབ(104), གྱིས་བརླབ(87); n བརླབས(156), བརླབས་དང(73), གྱིས་བརླབས(137), གྱིས་བརླབས་དང(50), བྱིན་གྱིས་བརླབས་དང(50); ,17-38_སྐུ་དང་གསུང་དང་ཐུགས་རབ་ཏུ་གནས་པ།,97
པར་བྱ། །སྲོག་ཆགས་གཙོ་བོའི་སྤྲུལ་སྐུས་བྱ། །,བསྲུང་,སྲུང་,སྲུང་,བསྲུང་,འཁོར་ཀུན་དགའ་ར་བཀད་ས། །གཞལ་ཡས་ཁང་,K,,,,,⟶,,,,c=d p=n 76.03%,c སྲུང(2), །_།སྲུང(110); p བསྲུང(3), །_།བསྲུང(294); d སྲུང(2), །_།སྲུང(110); n བསྲུང(3), །_།བསྲུང(294); ,17-38_སྐུ་དང་གསུང་དང་ཐུགས་རབ་ཏུ་གནས་པ།,112
རྡོ་རྗེ་འཆང་ནས་གཉིས་བརྒྱུད་པའི། །ལུང་དང་,འདྲ་བ འི་,འདྲ་བ འི་,འདྲ་བ འི་,དྲ་བ འི་,ནཱ་རོ་དང་། །བྱང་ཆུབ་སེམས་ལས་ཐོབ་པ་,K,,,,,⟶,,,,c=p=d n 7.44%,c འདྲ་བའི(88), དང་འདྲ་བའི(425); p འདྲ་བའི(88), དང་འདྲ་བའི(425); d འདྲ་བའི(88), དང་འདྲ་བའི(425); n དྲ་བའི(319); ,17-38_སྐུ་དང་གསུང་དང་ཐུགས་རབ་ཏུ་གནས་པ།,115
ཕྱག་འཚལ་རྟེན་གསུམ་ལ། །རྒྱུད་དང་བླ་མའི་,གསུངས་,གསུང་,གསུང་,གསུངས་,བརྟེན་ནས། །སྒྲིབ་སྦྱོང་རབ་གནས་བྲི་བར་བྱ,K,,,,,≠,,,,c=d p=n 76.03%,c གསུང(16); p གསུངས(2338); d གསུང(16); n གསུངས(2338); ,17-38_སྐུ་དང་གསུང་དང་ཐུགས་རབ་ཏུ་གནས་པ།,1
རྟག་པར་དངོས་གྲུབ་སྟེར། །རྒྱལ་གྱིས་ཚེ་རིང་,བསྟན་པ ར་,བརྟན་པ ར་,བརྟན་པ ར་,བསྟན་པ ར་,འགྱུར། །སྣོན་གྱིས་མཆོག་ཏུ་བདེ་བར་བྱེད། །,K,,,,,≠,,,,c=d p=n 76.03%,c བརྟན་པར(900), བརྟན་པར་འགྱུར(66); p བསྟན་པར(3125), བསྟན་པར་འགྱུར(139); d བརྟན་པར(900), བརྟན་པར་འགྱུར(66); n བསྟན་པར(3125), བསྟན་པར་འགྱུར(139); ,17-38_སྐུ་དང་གསུང་དང་ཐུགས་རབ་ཏུ་གནས་པ།,6
ཕྲིན་ལས་ཞོར་ལ་འབྱུང་། །དམ་ཚིག་སེམས་དཔའ་སྦྱངས་,སྐྱེད་,བསྐྱེད་,བསྐྱེད་,སྐྱེད་,ལ། །ཡེ་ཤེས་སེམས་དཔའ་ཡུན་རིང་དུ། །,K,,,,,≠,,,,c=d p=n 76.03%,c བསྐྱེད(673), བསྐྱེད་ལ(67); p སྐྱེད(412); d བསྐྱེད(673), བསྐྱེད་ལ(67); n སྐྱེད(412); ,17-38_སྐུ་དང་གསུང་དང་ཐུགས་རབ་ཏུ་གནས་པ།,15
ཏུ་བུད་མེད་ཆགས་པ་ཆགས་པ་ལ། །འདི་ནི་རབ་ཏུ་,བསྟན་,བསྟེན་,བསྟེན་,བསྟན་,མ་ཡིན། །མི་དགེ་བཤེས་གཉེན་བསྟེན་པས་ནི,K,,,,,≠,,,,c=d p=n 76.03%,c བསྟེན(184); p བསྟན(2152), རབ་ཏུ་བསྟན(184); d བསྟེན(184); n བསྟན(2152), རབ་ཏུ་བསྟན(184); ,17-38_སྐུ་དང་གསུང་དང་ཐུགས་རབ་ཏུ་གནས་པ།,21
རབ་གནས་དབང་སྟེགས་ནི། །དཔངས་ཁྲུ་རྒྱ་ནི་,སྟེན་,རྟེན་,རྟེན་,སྟེན་,དང་སྦྱར། །བ་ཡི་ལྔས་བྱུགས་པད་འཁོར་སེར,K,,,,,≠,,,,c=d p=n 76.03%,c རྟེན(218), རྟེན་དང(948), ནི་རྟེན(256); p སྟེན(80); d རྟེན(218), རྟེན་དང(948), ནི་རྟེན(256); n སྟེན(80); ,17-38_སྐུ་དང་གསུང་དང་ཐུགས་རབ་ཏུ་གནས་པ།,30
ནས་རྟེན་གསར་བཞུགས་པ་ན། །ན་བཟའ་ཅར་,གཡོག་,གཡོགས་,གཡོགས་,གཡོག་,ཞལ་ཕྱིར་བསྟན། །དཀྱིལ་འཁོར་བྲིས་ནས་སྟ་གོན་ཏེ,K,,,,,≠,,,,c=d p=n 76.03%,c གཡོགས(69); p གཡོག(6); d གཡོགས(69); n གཡོག(6); ,17-38_སྐུ་དང་གསུང་དང་ཐུགས་རབ་ཏུ་གནས་པ།,36
ཁྲུས་བྱས་བརྒྱན་ལྷར་བསྐྱེད། །རྟེན་གསར་ཐ་མལ་,དྲི་,དྲི་,དྲིལ་,དྲི་,སྦྱང་ཕྱིར། །ཤིང་བུ་གྲུ་གསུམ་མེ་སྦར་ལ,K,,,,,≠,,,,c=p=n d 1.65%,c དྲི(154); p དྲི(154); d དྲིལ(23); n དྲི(154); ,17-38_སྐུ་དང་གསུང་དང་ཐུགས་རབ་ཏུ་གནས་པ།,42
བྱིན་བརླབ་སྟེ། །འབྲས་བུའི་ཆོས་སུ་འདི་ལྟར་,བསླབ,བརླབ,བརླབ,བསླབ,། །སྲོག་ཤིང་མཁྱེན་བཅུ་བྲེ་ལེགས་ནི། །ཡེ་,K,,,,,≠,,,,c=d p=n 76.03%,c བརླབ(104), བརླབ།_།(103); p བསླབ(44), འདི་ལྟར་བསླབ(102); d བརླབ(104), བརླབ།_།(103); n བསླབ(44), འདི་ལྟར་བསླབ(102); ,17-38_སྐུ་དང་གསུང་དང་ཐུགས་རབ་ཏུ་གནས་པ།,58
ཆོས་བརྒྱད་དེ། །སྤྱན་དབྱེ་དབུ་སྐྲ་སྤྲུལ་སྐུའི་,བཞར,གཞར,གཞར,བཞར,། །ལོངས་སྐུའི་དུང་གི་སོ་མང་མངས་བཤད། །,K,,,,,≠,,,,c=d p=n 76.03%,c གཞར(2); p བཞར(1); d གཞར(2); n བཞར(1); ,17-38_སྐུ་དང་གསུང་དང་ཐུགས་རབ་ཏུ་གནས་པ།,62
དུང་གི་སོ་མང་མངས་བཤད། །ཤངས་དབྱེས་སྤུ་,ཐོག་,འཐོག་,འཐོག་,ཐོག་,ཚེམས་རྩ་བྲུ། །ལྗགས་བཞར་སྙན་སྤབས་བྲུ་ཞིང་བསལ,K,,,,,≠,,,,c=d p=n 76.03%,c འཐོག(3); p ཐོག(10); d འཐོག(3); n ཐོག(10); ,17-38_སྐུ་དང་གསུང་དང་ཐུགས་རབ་ཏུ་གནས་པ།,64
ཅོད་པན་དབང་བསྐུར་རམ། །ཡང་ན་སྔགས་འདིས་,བཅིངས་,བཅིང་,བཅིང་,བཅིངས་,བྱས་ཏེ། །ཨོཾ་ཧཱུཾ་ཨོཾ་ཛྲཱ[ྀ]ཁཾཁཾ། སྐུ་ཡི་,K,,,,,≠,,,,c=d p=n 76.03%,c བཅིང(1973); p བཅིངས(141); d བཅིང(1973); n བཅིངས(141); ,17-38_སྐུ་དང་གསུང་དང་ཐུགས་རབ་ཏུ་གནས་པ།,79
གཏོར་སྦྱིན་ཕྲིན་ལས་བཀའ་བསྒོ་བྱ། །ཕྱི་རྗེས་,གཟོ་བོ་,བཟོ་བོ་,བཟོ་བོ་,གཟོ་བོ་,གྲོགས་བྱེད་སོགས། །འདི་སྐད་བརྗོད་དེ་མཆོད་པར་,K,,,,,≠,,,,c=d p=n 76.03%,c བཟོ་བོ(46); p ; d བཟོ་བོ(46); n ; ,17-38_སྐུ་དང་གསུང་དང་ཐུགས་རབ་ཏུ་གནས་པ།,89
མཆོད་བྱས་ལ། །ཇི་ལྟར་འོས་པའི་ཡོན་ཡང་,འབུལ,དབུལ,དབུལ,འབུལ,། །རབ་ཏུ་བྱུང་བའི་གནས་བརྟན་དང་། །ཁྱིམ་,K,,,,,≠,,,,c=d p=n 76.03%,c དབུལ(442), དབུལ།_།(423), ཡང་དབུལ(90); p འབུལ(125), འབུལ།_།(105); d དབུལ(442), དབུལ།_།(423), ཡང་དབུལ(90); n འབུལ(125), འབུལ།_།(105); ,17-38_སྐུ་དང་གསུང་དང་ཐུགས་རབ་ཏུ་གནས་པ།,90
སྐར་ཚེས་གྲངས་མི་བརྩི་སྟེ། །རྡུལ་ཚོན་མི་,རྟེན་,བརྟེན་,བརྟེན་,རྟེན་,ཐུན་གཅིག་ལ། །དཀྱིལ་འཁོར་བསྒོམས་ཏེ་བརྒྱ་རྩ་,K,,,,,≠,,,,c=d p=n 76.03%,c བརྟེན(256); p རྟེན(218), མི་རྟེན(54); d བརྟེན(256); n རྟེན(218), མི་རྟེན(54); ,17-38_སྐུ་དང་གསུང་དང་ཐུགས་རབ་ཏུ་གནས་པ།,95
རྡོ་རྗེ་ཕུར་ཕྲེང་ཐུགས། །ཧཱུཾ་ལས་རྡོ་རྗེ་མི་བསྐྱོད་པ་,སྐྱེད,བསྐྱེད,བསྐྱེད,སྐྱེད,། །སེར་པོ་བང་མཛོད་ཡོན་ཏན་རིགས། །ཨཾ་,K,,,,,≠,,,,c=d p=n 76.03%,c བསྐྱེད(673), བསྐྱེད།_།(472); p སྐྱེད(412), སྐྱེད།_།(239); d བསྐྱེད(673), བསྐྱེད།_།(472); n སྐྱེད(412), སྐྱེད།_།(239); ,17-38_སྐུ་དང་གསུང་དང་ཐུགས་རབ་ཏུ་གནས་པ།,109
སངས་རྒྱས་ལ་སོགས་རབ་གནས་བྱ། །བརྡུངས་ལུགས་,འབུར་,འབུར་,འབུར་,འཁུར་,བྲིས་སོགས་རྟེན་ནི། །རང་རང་མཚན་ཉིད་ལྡན་,K,,,,,?,,,,c=p=d n 7.44%,c འབུར(4); p འབུར(4); d འབུར(4); n འཁུར(2); ,17-38_སྐུ་དང་གསུང་དང་ཐུགས་རབ་ཏུ་གནས་པ།,10
ཤིས་ལྷ་མོ་བུམ་རོལ་བཅས། །དབང་བསྐུར་རིགས་,གདབ་,བདག་,བདག་,བདག་,རྒྱས་བཏབ་བསམ། །རྟེན་འབྲེལ་སྙིང་པོ་བརྒྱ་རྩ་,K,,,,,?,,,,c=d=n p 3.31%,c བདག(751); p གདབ(313); d བདག(751); n བདག(751); ,17-38_སྐུ་དང་གསུང་དང་ཐུགས་རབ་ཏུ་གནས་པ།,99
ཟླ་དབུལ། །བྱ་རུ་ཐབས་དང་ཤེས་རབ་ཡིན,།_།་  གདན་ ཐོ་ དབུལ་བ་ རྒྱས་པ་ ཡིན,,,།_།་  གདན་ ཐོ་ དབུལ་བ་ རྒྱས་པ་ ཡིན,མཆོད་རྟེན་སྐུ་བསྡུས་རབ་གནས་བྱ། །རང་རང་,K,,,,,,l,,,c=d p=n 76.03%,c (1), །_།(997103), ཡིན(32960), ཡིན།_།(12284); p ; d (1), །_།(997103), ཡིན(32960), ཡིན།_།(12284); n ; ,17-38_སྐུ་དང་གསུང་དང་ཐུགས་རབ་ཏུ་གནས་པ།,61
དང་གྲོ་བཞིན་དེ་བཞིན་ཏེ། །ལག་གིས་སྐལ་,བཟངས་,བཟང་,བཟང་,བཟངས་,སྣར་མས་རྒྱལ། །མགོ་ཡིས་ཉེ་བར་ཞི་བར་,K,,,,,,≡,,,c=d p=n 76.03%,c བཟང(166), སྐལ་བཟང(156); p བཟངས(8); d བཟང(166), སྐལ་བཟང(156); n བཟངས(8); ,17-38_སྐུ་དང་གསུང་དང་ཐུགས་རབ་ཏུ་གནས་པ།,4
། །གཟའ་དང་སྐར་མ་དེ་དག་ཀྱང་། །དར་,རྒུད་,གུད་,གུད་,རྒུད་,མི་རིགས་ལས་དང་སྦྱར། །ཚེས་གཅིག་གསུམ་ལྔ་,K,,,,,,≡,,,c=d p=n 76.03%,c གུད(1882); p རྒུད(34); d གུད(1882); n རྒུད(34); ,17-38_སྐུ་དང་གསུང་དང་ཐུགས་རབ་ཏུ་གནས་པ།,7
བམ་སྐུ་གཟུགས་སོགས། །སངས་རྒྱས་རྣམ་འཕྲུལ་བྱིན་,བརླབས་,རླབས་,རླབས་,བརླབས་,ལས། །བྱུང་བ་མིན་ན་མི་འབྱུང་བར། །,K,,,,,,≡,,,c=d p=n 76.03%,c རླབས(18), བྱིན་རླབས(209); p བརླབས(156), བྱིན་བརླབས(707); d རླབས(18), བྱིན་རླབས(209); n བརླབས(156), བྱིན་བརླབས(707); ,17-38_སྐུ་དང་གསུང་དང་ཐུགས་རབ་ཏུ་གནས་པ།,13
འོས། །དཔེར་ན་སྐྱེས་བུ་ལ་ལ་ཞིག །,རིམ་པ འི་,རིག་པ འི་,རིག་པ འི་,རིམ་པ འི་,མཚན་ཉིད་སྤངས་པ་ན། །འཇིག་རྟེན་ཀུན་གྱིས་,K,,,,,,≡,,,c=d p=n 76.03%,c རིག་པའི(2605), རིག་པའི་མཚན་ཉིད(50); p རིམ་པའི(152); d རིག་པའི(2605), རིག་པའི་མཚན་ཉིད(50); n རིམ་པའི(152); ,17-38_སྐུ་དང་གསུང་དང་ཐུགས་རབ་ཏུ་གནས་པ།,18
སྐྱེ་བར་མཆོད་པར་འགྱུར། །བྱ་ཐབས་ཆོ་ག་,དག་པ ས་,དག་ ལས་,དག་ ལས་,དག་པ ས་,བྱ། །ཆོ་ག་དམན་གནས་བཀྲ་མི་ཤིས། །,K,,,,,,≡,,,c=d p=n 76.03%,c དག་ལས(2911); p དག་པས(8901); d དག་ལས(2911); n དག་པས(8901); ,17-38_སྐུ་དང་གསུང་དང་ཐུགས་རབ་ཏུ་གནས་པ།,24
གཟུགས་སྔགས་ཀྱི་མཚན་ཉིད་ཀྱིས། །རྟེན་ལ་བྱིན་,བརླབས་,རླབས་,རླབས་,བརླབས་,འཇུག་པར་འགྱུར། །གང་ཟག་བློ་རིགས་ཐ་དད་,K,,,,,,≡,,,c=d p=n 76.03%,c རླབས(18), བྱིན་རླབས(209); p བརླབས(156), བྱིན་བརླབས(707); d རླབས(18), བྱིན་རླབས(209); n བརླབས(156), བྱིན་བརླབས(707); ,17-38_སྐུ་དང་གསུང་དང་ཐུགས་རབ་ཏུ་གནས་པ།,25
རྒྱས་པ་སྤྲོས་བཅས་བྱ།། འབྲིང་པོས་ཆོ་ག་,ཆ་,ཚད་,ཚད་,ཆ་,ཙམ་དང་། །བསྡུས་པ་ཏིང་འཛིན་ཐུན་གཅིག་ལ,K,,,,,,≡,,,c=d p=n 76.03%,c ཚད(657), ཚད་ཙམ(348); p ཆ(101), ཆ་ཙམ(63); d ཚད(657), ཚད་ཙམ(348); n ཆ(101), ཆ་ཙམ(63); ,17-38_སྐུ་དང་གསུང་དང་ཐུགས་རབ་ཏུ་གནས་པ།,26
ན་འབར་སོགས་བཟློག །ནང་པར་དཀྱིལ་འཁོར་རྫས་,ཆང་,ཚང་,ཚང་,ཆང་,བཤམ། །ཤར་ལྷོར་རབ་གནས་དབང་སྟེགས་ནི། །,K,,,,,,≡,,,c=d p=n 76.03%,c ཚང(1922); p ཆང(1727); d ཚང(1922); n ཆང(1727); ,17-38_སྐུ་དང་གསུང་དང་ཐུགས་རབ་ཏུ་གནས་པ།,29
ཅར་གཡོགས་ཞལ་ཕྱིར་བསྟན། །དཀྱིལ་འཁོར་བྲིས་ནས་,ཏ་ གོན་,སྟ་གོན་,སྟ་གོན་,ཏ་ གོན་,ཏེ། །མ་བྲིས་རབ་གནས་དབང་ནུས་མེད། །,K,,,,,,≡,,,c=d p=n 76.03%,c སྟ་གོན(372); p ; d སྟ་གོན(372); n ; ,17-38_སྐུ་དང་གསུང་དང་ཐུགས་རབ་ཏུ་གནས་པ།,37
སྟ་གོན་བགེགས་ནི་བསྐྲད་པའི་གནད། །དངོས་གཞི་བྱིན་,བརླབས་,རླབས་,རླབས་,བརླབས་,སྦར་བའི་གནད། །རྗེས་ནི་བསྟན་པ་དར་རྒྱས་གསུམ,K,,,,,,≡,,,c=d p=n 76.03%,c རླབས(18), བྱིན་རླབས(209); p བརླབས(156), བྱིན་བརླབས(707); d རླབས(18), བྱིན་རླབས(209); n བརླབས(156), བྱིན་བརླབས(707); ,17-38_སྐུ་དང་གསུང་དང་ཐུགས་རབ་ཏུ་གནས་པ།,39
གཙང་དོར་བསམ་སླ་ངར་བླུགས། །དེ་རྗེས་ཆུ་,མེད་,མེ ས་,མེ ས་,མེད་,དེ་ལྟར་བྱ། །ཡང་ན་གཡམ་སྟེང་ཆུ་མེ་,K,,,,,,≡,,,c=d p=n 76.03%,c མེས(29); p མེད(12565), ཆུ་མེད(95); d མེས(29); n མེད(12565), ཆུ་མེད(95); ,17-38_སྐུ་དང་གསུང་དང་ཐུགས་རབ་ཏུ་གནས་པ།,43
པཾ་ད་ཧ་ན་བཛྲཱ་ཡ་སྭཱ་ཧཱ། ཞེས་,ཟླ ས་,བཟླས་,བཟླས་,ཟླ ས་,མེར་བསྲེགས་བཞི་མདོར་དོར། །འདག་ཆལ་སུག་པ་,K,,,,,,≡,,,c=d p=n 76.03%,c བཟླས(448), ཞེས་བཟླས(44); p ཟླས(1); d བཟླས(448), ཞེས་བཟླས(44); n ཟླས(1); ,17-38_སྐུ་དང་གསུང་དང་ཐུགས་རབ་ཏུ་གནས་པ།,45
། །ཕྱག་འཚལ་སུམ་བསྲེས་སྐུ་གསུང་ཐུགས། །བྱིན་,གྱི་ བརླབས་པ འི་,གྱིས་ བརླབ་པ འི་,གྱིས་ བརླབ་པ འི་,གྱི་ བརླབས་པ འི་,བར་དུ་བྱ། །དེ་ལ་མཆོད་པའི་རིམ་པ་,K,,,,,,≡,,,c=d p=n 76.03%,c གྱིས་བརླབ་པའི(87), བྱིན་གྱིས་བརླབ་པའི(87); p ; d གྱིས་བརླབ་པའི(87), བྱིན་གྱིས་བརླབ་པའི(87); n ; ,17-38_སྐུ་དང་གསུང་དང་ཐུགས་རབ་ཏུ་གནས་པ།,50
། །ན་བཟའ་ནམ་མཁའ་མཛོད་ཞལ་ཟས། །གླིང་,བཞི འི་,བཞི་,བཞི་,བཞི འི་,མཎྜལ་དབུལ་བར་བྱ། །རང་རང་སྔགས་དང་རྟེན་,K,,,,,,≡,,,c=d p=n 76.03%,c བཞི(541), གླིང་བཞི(650); p བཞིའི(11), གླིང་བཞིའི(62); d བཞི(541), གླིང་བཞི(650); n བཞིའི(11), གླིང་བཞིའི(62); ,17-38_སྐུ་དང་གསུང་དང་ཐུགས་རབ་ཏུ་གནས་པ།,51
སྐུ་ལ་ནི། །སྨད་གསུམ་ཆུ་ཚགས་པར་འཁར་,སིལ,གསིལ,གསིལ,སིལ,། །ལོངས་སྐུ་ཞི་ལ་དར་གྱི་སྟེ། །ཁྲོ་བོའི་,K,,,,,,≡,,,c=d p=n 76.03%,c གསིལ(3), འཁར་གསིལ(99); p སིལ(1); d གསིལ(3), འཁར་གསིལ(99); n སིལ(1); ,17-38_སྐུ་དང་གསུང་དང་ཐུགས་རབ་ཏུ་གནས་པ།,66
གསིལ། །ལོངས་སྐུ་ཞི་ལ་དར་གྱི་སྟེ། །,ཁྲོ་བོ་,ཁྲོ་བོ འི་,ཁྲོ་བོ འི་,ཁྲོ་བོ་,སྟག་ལྤགས་དར་སྔོན་གྱི། །སྟོད་གཡོགས་རྒྱན་ནི་,K,,,,,,≡,,,c=d p=n 76.03%,c ཁྲོ་བོའི(1473), །_།ཁྲོ་བོའི(447); p ཁྲོ་བོ(2102), །_།ཁྲོ་བོ(621); d ཁྲོ་བོའི(1473), །_།ཁྲོ་བོའི(447); n ཁྲོ་བོ(2102), །_།ཁྲོ་བོ(621); ,17-38_སྐུ་དང་གསུང་དང་ཐུགས་རབ་ཏུ་གནས་པ།,67
སྐུ་ཞི་ལ་དར་གྱི་སྟེ། །ཁྲོ་བོའི་སྟག་ལྤགས་,དང་,དང་,དར་,དང་,སྔོན་གྱི། །སྟོད་གཡོགས་རྒྱན་ནི་སྤྲུལ་ཐོད་སོགས,K,,,,,,≡,,,c=p=n d 1.65%,c དང(18517), དང་སྔོན(199); p དང(18517), དང་སྔོན(199); d དར(45); n དང(18517), དང་སྔོན(199); ,17-38_སྐུ་དང་གསུང་དང་ཐུགས་རབ་ཏུ་གནས་པ།,68
ཁྲི་དབུལ་གླེགས་ཤིང་གླེགས་ཐག་དབུལ། །ན་བཟའ་ཞལ་,ཁབ་,ཁེབས་,ཁེབས་,ཁབ་,རྒྱ་རིམ་བདུན། །ཕ་རོལ་ཕྱིན་པ་ཡུམ་ཆེན་,K,,,,,,≡,,,c=d p=n 76.03%,c ཁེབས(31); p ཁབ(13); d ཁེབས(31); n ཁབ(13); ,17-38_སྐུ་དང་གསུང་དང་ཐུགས་རབ་ཏུ་གནས་པ།,72
རྒྱུད་སྡེ་རྡོ་རྗེ་ཆོས་སོགས་ཏེ། །ཆོ་ག་,ཡིད་,ཡི་,ཡི་,ཡིད་,དམ་ལ་སོགས་པ། །ངོ་ཤེས་བྱེ་བྲག་མི་,K,,,,,,≡,,,c=d p=n 76.03%,c ཡི(8322), ཡི་དམ(630); p ཡིད(168); d ཡི(8322), ཡི་དམ(630); n ཡིད(168); ,17-38_སྐུ་དང་གསུང་དང་ཐུགས་རབ་ཏུ་གནས་པ།,73
ནུབ་མི་ཡོར་བཞུགས། །དེ་ལྟར་མ་བྱས་སྐྱོན་,མང་,མང་,མང་,མེད་,འབྱུང་། །དེ་ནས་སློབ་དཔོན་ཡོན་བདག་གཉིས། །,K,,,,,,≡,,,c=p=d n 7.44%,c མང(8); p མང(8); d མང(8); n མེད(12565), སྐྱོན་མེད(955), མེད་འབྱུང(53); ,17-38_སྐུ་དང་གསུང་དང་ཐུགས་རབ་ཏུ་གནས་པ།,81
རྒྱས་བསྡུས་སྐབས་དང་སྦྱར། །དེ་ནས་ཡོན་བདག་,བདུན་,མདུན་,མདུན་,བདུན་,བཞག་ལ། །མེ་ཏོག་དྲི་ཡི་མངའ་གསོལ་བ,K,,,,,,≡,,,c=d p=n 76.03%,c མདུན(17); p བདུན(151); d མདུན(17); n བདུན(151); ,17-38_སྐུ་དང་གསུང་དང་ཐུགས་རབ་ཏུ་གནས་པ།,83
གདབ། །སྤྱི་ཡི་ཆོས་སྐྱོང་ཕྱོགས་སྐྱོང་བཅུ། །,རྣམས་,རྣམ་,རྣམ་,རྣམ་,སྲས་མགོན་པོ་གཞི་བདག་ལ། །གཏོར་སྦྱིན་ཕྲིན་,K,,,,,,≡,,,c=d=n p 3.31%,c རྣམ(1), །_།རྣམ(10006); p རྣམས(5469); d རྣམ(1), །_།རྣམ(10006); n རྣམ(1), །_།རྣམ(10006); ,17-38_སྐུ་དང་གསུང་དང་ཐུགས་རབ་ཏུ་གནས་པ།,87
ཆོས་སྐྱོང་ཕྱོགས་སྐྱོང་བཅུ། །རྣམ་སྲས་མགོན་པོ་,བཞི་,གཞི་,གཞི་,བཞི་,བདག་ལ། །གཏོར་སྦྱིན་ཕྲིན་ལས་བཀའ་བསྒོ་བྱ,K,,,,,,≡,,,c=d p=n 76.03%,c གཞི(306); p བཞི(541); d གཞི(306); n བཞི(541); ,17-38_སྐུ་དང་གསུང་དང་ཐུགས་རབ་ཏུ་གནས་པ།,88
རིགས་ལྔའི་ཐུགས་ཀ་ནས། །བཀྲ་ཤིས་ལྷ་མོ་,འབུམ་,བུམ་,བུམ་,འབུམ་,རོལ་བཅས། །དབང་བསྐུར་རིགས་བདག་རྒྱས་བཏབ་བསམ,K,,,,,,≡,,,c=d p=n 76.03%,c བུམ(6); p འབུམ(22); d བུམ(6); n འབུམ(22); ,17-38_སྐུ་དང་གསུང་དང་ཐུགས་རབ་ཏུ་གནས་པ།,98
ལས་པདྨ་སྣང་མཐའ་ཡས། །ནག་སྔོ་རྡོ་རྗེ་ཕུར་,འཕྲེང་,ཕྲེང་,ཕྲེང་,འཕྲེང་,ཐུགས། །ཧཱུཾ་ལས་རྡོ་རྗེ་མི་བསྐྱོད་པ་བསྐྱེད། །སེར་,K,,,,,,≡,,,c=d p=n 76.03%,c ཕྲེང(1); p འཕྲེང(75); d ཕྲེང(1); n འཕྲེང(75); ,17-38_སྐུ་དང་གསུང་དང་ཐུགས་རབ་ཏུ་གནས་པ།,107
ཡས། །ནག་སྔོ་རྡོ་རྗེ་ཕུར་ཕྲེང་ཐུགས། །ཧཱུཾ་,རྡོ་རྗེ་ ལས་,ལས་ རྡོ་རྗེ་,ལས་ རྡོ་རྗེ་,རྡོ་རྗེ་ ལས་,མི་བསྐྱོད་པ་བསྐྱེད། །སེར་པོ་བང་མཛོད་ཡོན་,K,,,,,,≡,,,c=d p=n 76.03%,c ལས་རྡོ་རྗེ(208); p རྡོ་རྗེ་ལས(46); d ལས་རྡོ་རྗེ(208); n རྡོ་རྗེ་ལས(46); ,17-38_སྐུ་དང་གསུང་དང་ཐུགས་རབ་ཏུ་གནས་པ།,108
ལས་རལ་གྲིས་དོན་ཡོད་གྲུབ། །ཆོས་སྐྱོང་རྣམས་,ལ་,ལ འང་,ལ འང་,ལ་,རང་རང་གིས། །འཇིག་རྟེན་འབག་ལ་རིགས་གསུམ་,K,,,,,,≡,,,c=d p=n 76.03%,c ལའང(1), རྣམས་ལའང(106); p ལ(33965), ལ་རང(1362), རྣམས་ལ(895), རྣམས་ལ་རང(65); d ལའང(1), རྣམས་ལའང(106); n ལ(33965), ལ་རང(1362), རྣམས་ལ(895), རྣམས་ལ་རང(65); ,17-38_སྐུ་དང་གསུང་དང་ཐུགས་རབ་ཏུ་གནས་པ།,110
རེའམ། །རིགས་བསྟུན་གོང་གིས་ཤེས་པར་བྱ། །,སྲོག་ཆགས་,སྲོག་ཆགས་,སྲོག་ཆགས་,སྲོགས་ ཆགས་,གཙོ་བོའི་སྤྲུལ་སྐུས་བྱ། །སྲུང་འཁོར་ཀུན་དགའ་,K,,,,,,≡,,,c=p=d n 7.44%,c སྲོག་ཆགས(2552), །_།སྲོག་ཆགས(595); p སྲོག་ཆགས(2552), །_།སྲོག་ཆགས(595); d སྲོག་ཆགས(2552), །_།སྲོག་ཆགས(595); n ; ,17-38_སྐུ་དང་གསུང་དང་ཐུགས་རབ་ཏུ་གནས་པ།,111
གསུམ་འཁོར་བཅས་འདི། །བདག་གིས་རང་བཟོར་མ་,བྱས་ ཏེ,བྱས་ ཏེ,བྱས་ ཏེ,བྱ་ སྟེ,། །གཙོ་ཆེར་ཀླུ་སྒྲུབ་ལུགས་གཙོར་བཞག །རྡོ་,K,,,,,,≡,,,c=p=d n 7.44%,c བྱས་ཏེ(3943), མ་བྱས་ཏེ(83), བྱས་ཏེ།_།(1277); p བྱས་ཏེ(3943), མ་བྱས་ཏེ(83), བྱས་ཏེ།_།(1277); d བྱས་ཏེ(3943), མ་བྱས་ཏེ(83), བྱས་ཏེ།_།(1277); n བྱ་སྟེ(1392), བྱ་སྟེ།_།(1196); ,17-38_སྐུ་དང་གསུང་དང་ཐུགས་རབ་ཏུ་གནས་པ།,114
གཞན་གྱིས་བསྐུལ་ནས་བྲིས། །མ་རྟོགས་ནོངས་པ་,གཟོད་པ ར་,བཟོད་པ ར་,བཟོད་པ ར་,གཟོད་པ ར་,གསོལ། །བརྩམས་པའི་དགེ་བ་ཅུང་ཟད་དེས། །སེམས་,K,,,,,,≡,,,c=d p=n 76.03%,c བཟོད་པར(732), བཟོད་པར་གསོལ(60); p ; d བཟོད་པར(732), བཟོད་པར་གསོལ(60); n ; ,17-38_སྐུ་དང་གསུང་དང་ཐུགས་རབ་ཏུ་གནས་པ།,118
སྡིག་ལས་བྱེད། །རྟག་ཏུ་བུད་མེད་ཆགས་པ་,ཆགས་ ལ །_།,ཆགས་པ་ དང ་།_།,ཆགས་པ་ ལ །_།,ཆགས་ ལ །_།,འདི་ནི་རབ་ཏུ་བསྟེན་མ་ཡིན། །མི་དགེ་,K,,,,,,s,,,c p=n d 2.48%,c ; p ; d ; n ; ,17-38_སྐུ་དང་གསུང་དང་ཐུགས་རབ་ཏུ་གནས་པ།,20
རྟེན་འབྲེལ་སྙིང་པོ་ཟློས་བཞིན་དུ། །ལྷ་ལ་,འབུལ་,དབུལ་བ་,དབུལ་བ་,འབུལ་,བཞིན་བྱས་ལ། །གཟེངས་བསྟོད་མཆོད་པའི་རྗེས་གནང་,K,,,,,,s,,,c=d p=n 76.03%,c དབུལ་བ(555); p འབུལ(125), ལ་འབུལ(160); d དབུལ་བ(555); n འབུལ(125), ལ་འབུལ(160); ,17-38_སྐུ་དང་གསུང་དང་ཐུགས་རབ་ཏུ་གནས་པ།,85
། །ཁྱིམ་པའི་གཙོ་བོ་ལ་སོགས་ལ། །གཉེར་,བཏང་ བཀའ་ བསྒོ་,གཏང་,གཏང་ བཀའ་ བསྒོ་,གཏང་ བཀའ་ བསྒོ་,འདི་སྐད་བརྗོད། །སྙིགས་མ་ལྔ་ཡི་དུས་འདི་,K,,,,,,s,,,c p d=n 1.65%,c གཏང(4); p ; d ; n ; ,17-38_སྐུ་དང་གསུང་དང་ཐུགས་རབ་ཏུ་གནས་པ།,91
། །ཛྲ[ྀ]འོཾ་ལས་པདྨ་སྣང་མཐའ་ཡས། །ནག་སྔོ་,རྡོ་རྗེ་,རྡོ་རྗེ་,རྡོ་རྗེ་,རྡོ་,ཕུར་ཕྲེང་ཐུགས། །ཧཱུཾ་ལས་རྡོ་རྗེ་མི་བསྐྱོད་པ་བསྐྱེད,K,,,,,,s,,,c=p=d n 7.44%,c རྡོ་རྗེ(204), རྡོ་རྗེ་ཕུར(148); p རྡོ་རྗེ(204), རྡོ་རྗེ་ཕུར(148); d རྡོ་རྗེ(204), རྡོ་རྗེ་ཕུར(148); n རྡོ(5); ,17-38_སྐུ་དང་གསུང་དང་ཐུགས་རབ་ཏུ་གནས་པ།,106