ཨང།,ཆོས་མཚན།,,སྡེ་ཚན། སྤྱིའི་དེབ་གྲངས།,མཛད་པ་པོ།,དཔེ་བསྡུར་གྱི་ཤོག་གྲངས།,པེ་ཅིང་ཤོག་གྲངས།,སྡེ་དགེའི་ཤོག་གྲངས།,ཆོས་ཚན་ཨང།,པེ་ཅིན་བསྡོམས།,Peking pgs.,548,Peking vol.,1,,པོད་དང་པོའི་བསྡོམས།,གཉིས་པ་དང་གསུམ་པའི་བསྡོམས།,སྡེ་དགེའི་ཤོག་གྲངས།,Derge pgs.,26819,Derge vol.,45,,,,,,,,,,
1,ཆོས་ཀྱི་སྐུ་ལ་གནས་པའི་ཡོན་ཏན་ཐུན་མོང་མ་ཡིན་པ་ལ་ལ་བསྟོད་པ།,9-1,བསྟོད་ཚོགས་ཀ1,སློབ་དཔོན་ཐོགས་མེད།,169-172,ཀ71ན-72ན,ཀ61བ-62བ,7,,,,,,,3,,ཀ,61,b,62,b,,,,,,,,,,
2,ཆོས་ཀྱི་དབྱིངས་སུ་བསྟོད་པ།,1-1,བསྟོད་ཚོགས་ཀ1,སློབ་དཔོན་ཀླུ་སྒྲུབ།,178-187,ཀ73ན-77བ,ཀ63བ-67བ,10,,,,,,,9,,ཀ,63,b,67,b,,,,,,,,,,
3,དཔེ་མེད་པར་བསྟོད་པ།,1-2,བསྟོད་ཚོགས་ཀ1,སློབ་དཔོན་ཀླུ་སྒྲུབ།,190-193,ཀ77བ-79ན,ཀ67བ-68བ,11,,,,,,,3,,ཀ,67,b,68,b,,,,,,,,,,
4,འཇིག་རྟེན་ལས་འདས་པར་བསྟོད་པ།,1-3,བསྟོད་ཚོགས་ཀ1,འཕགས་པ་ཀླུ་སྒྲུབ།,195-198,ཀ79བ-80བ,ཀ68བ-69བ,12,,,,,,,3,,ཀ,68,b,69,b,,,,,,,,,,
5,སེམས་ཀྱི་རྡོ་རྗེའི་བསྟོད་པ།,1-4,བསྟོད་ཚོགས་ཀ1,སློབ་དཔོན་ཀླུ་སྒྲུབ།,199-200,ཀ80བ-80བ,ཀ69བ-70ན,13,,,,,,,4,,ཀ,69,b,70,a,,,,,,,,,,
6,དོན་དམ་པར་བསྟོད་པ།,1-5,བསྟོད་ཚོགས་ཀ1,སློབ་དཔོན་ཀླུ་སྒྲུབ།,201-202,ཀ81ན-81བ,ཀ70ན-70བ,14,,,,,,,0,,ཀ,70,a,70,b,,,,,,,,,,
7,སྐུ་གསུམ་བསྟོད་པ།,1-6,བསྟོད་ཚོགས་ཀ1,སློབ་དཔོན་ཀླུ་སྒྲུབ།,204-206,ཀ81བ-82ན,ཀ70བ-71ན,15,,,,,,,4,,ཀ,70,b,71,a,,,,,,,,,,
8,སྐུ་གསུམ་ལ་བསྟོད་པ་ཞེས་བྱ་བའི་རྣམ་པར་འགྲེལ་པ།,1-7,བསྟོད་ཚོགས་ཀ1,སློབ་དཔོན་ཀླུ་སྒྲུབ།,207-216,ཀ82ན-86ན,ཀ71ན-74བ,16,,,,,,,6,,ཀ,71,a,74,b,,,,,,,,,,
9,སེམས་ཅན་མགུ་བར་བྱ་བའི་བསྟོད་པ།,1-8,བསྟོད་ཚོགས་ཀ1,འཕགས་པ་ཀླུ་སྒྲུབ།,217-220,ཀ86ན-87བ,ཀ74བ-75བ,17,,,,,,,3,,ཀ,74,b,75,b,,,,,,,,,,
10,ཤེས་རབ་ཀྱི་ཕ་རོལ་ཏུ་ཕྱིན་མའི་བསྟོད་པ།,1-9,བསྟོད་ཚོགས་ཀ1,སློབ་དཔོན་ཀླུ་སྒྲུབ།,224-227,ཀ87བ-88བ,ཀ76ན-76བ,19,,,,,,,0,,ཀ,76,a,76,b,,,,,,,,,,
11,བསམ་གྱིས་མི་ཁྱབ་པར་བསྟོད་པ།,1-10,བསྟོད་ཚོགས་ཀ1,སློབ་དཔོན་ཀླུ་སྒྲུབ།,228-234,ཀ88བ-91ན,ཀ76བ-79ན,20,,,,,,,8,,ཀ,76,b,79,a,,,,,,,,,,
12,བསྟོད་པ་ལས་འདས་པར་བསྟོད་པ།,1-11,བསྟོད་ཚོགས་ཀ1,སློབ་དཔོན་ཀླུ་སྒྲུབ།,235-238,ཀ91ན-92ན,ཀ79ན-79བ,21,,,,,,,0,,ཀ,79,a,79,b,,,,,,,,,,
13,བླ་ན་མེད་པའི་བསྟོད་པ།,1-12,བསྟོད་ཚོགས་ཀ1,འཕགས་པ་ཀླུ་སྒྲུབ།,239-241,ཀ92ན-92བ,ཀ79བ-80ན,22,,,,,,,4,,ཀ,79,b,80,a,,,,,,,,,,
14,འཕགས་པ་རྗེ་བཙུན་འཇམ་དཔལ་གྱི་དོན་དམ་པའི་བསྟོད་པ།,1-17,བསྟོད་ཚོགས་ཀ1,སློབ་དཔོན་ཀླུ་སྒྲུབ།,242-244,ཀ92བ-93ན,ཀ80ན-80བ,23,,,,,,,0,,ཀ,80,a,80,b,,,,,,,,,,
15,རྗེ་བཙུན་འཕགས་པ་འཇམ་དཔལ་གྱི་སྙིང་རྗེ་ལ་བསྟོད་པ།,1-18,བསྟོད་ཚོགས་ཀ1,སློབ་དཔོན་ཀླུ་སྒྲུབ།,245-248,ཀ93ན-94ན,ཀ80བ-81བ,24,,,,,,,3,,ཀ,80,b,81,b,,,,,,,,,,
16,གནས་ཆེན་པོ་བརྒྱད་ཀྱི་མཆོད་རྟེན་ལ་བསྟོད་པ།,1-19,བསྟོད་ཚོགས་ཀ1,སློབ་དཔོན་ཀླུ་སྒྲུབ།,249-251,ཀ94ན-94བ,ཀ81བ-82ན,25,,,,,,,4,,ཀ,81,b,82,a,,,,,,,,,,
17,གནས་ཆེན་པོ་བརྒྱད་ཀྱི་མཆོད་རྟེན་ལ་བསྟོད་པ།,1-20,བསྟོད་ཚོགས་ཀ1,འཕགས་པ་ཀླུ་སྒྲུབ།,252-254,ཀ94བ-95བ,ཀ82ན-82བ,26,,,,,,,0,,ཀ,82,a,82,b,,,,,,,,,,
18,མཛད་པ་བཅུ་གཉིས་ཀྱི་ཚུལ་ལ་བསྟོད་པ།,1-21,བསྟོད་ཚོགས་ཀ1,སློབ་དཔོན་ཀླུ་སྒྲུབ།,255-257,ཀ95བ-96ན,ཀ82བ-83ན,27,,,,,,,4,,ཀ,82,b,83,a,,,,,,,,,,
19,ཕྱག་འཚལ་བའི་བསྟོད་པ་ཞེས་བྱ་བ།,1-22,བསྟོད་ཚོགས་ཀ1,སློབ་དཔོན་ཀླུ་སྒྲུབ།,258-260,ཀ96ན-97བ,ཀ83ན-83བ,28,,,,,,,0,,ཀ,83,a,83,b,,,,,,,,,,
20,དམྱལ་བ་ནས་འདོན་པ་ཞེས་བྱ་བ།,1-23,བསྟོད་ཚོགས་ཀ1,སློབ་དཔོན་ཀླུ་སྒྲུབ།,261-263,ཀ97ན-97བ,ཀ83ན-84བ,29,,,,,,,2,,ཀ,83,a,84,b,,,,,,,,,,
21,དཀོན་མཆོག་གསུམ་གྱི་བསྟོད་པ།,10-1,བསྟོད་ཚོགས་ཀ1,དབྱིག་གཉེན།,344-345,ཀ128བ-129ན,ཀ109བ-110ན,38,,,,,,,4,,ཀ,109,b,110,a,,,,,,,,,,
22,སྤེལ་མར་བསྟོད་པ་ཞེས་བྱ་བ།,11-1,བསྟོད་ཚོགས་ཀ1,ཕྱོགས་གླང་དང་།,532-562,ཀ214ན-228ན,ཀ181ན-193བ,42,,,,,,,24,,ཀ,181,a,193,b,,,,,,,,,,
23,ཡོན་ཏན་མཐའ་ཡས་པར་བསྟོད་པའི་འགྲེལ་པ།,11-2,བསྟོད་ཚོགས་ཀ1,ཕྱོགས་ཀྱི་གླང་པོ།,589-595,ཀ234ན-237ན,ཀ200བ-203ན,48,,,,,,,8,,ཀ,200,b,203,a,,,,,,,,,,
24,ཡོན་ཏན་མཐའ་ཡས་པར་བསྟོད་པའི་དོན་གྱི་ཚིག་ལེའུར་བྱས་པ།,11-3,བསྟོད་ཚོགས་ཀ1,སློབ་དཔོན་ཕྱོགས་ཀྱི་གླང་པོ།,597-599,ཀ237ན-237བ,ཀ203ན-203བ,49,,,,,,,0,,ཀ,203,a,203,b,,,,,,,,,,
25,སངས་རྒྱས་ཡོངས་སུ་མྱ་ངན་ལས་འདས་པ་ལ་བསྟོད་པ།,12-1,བསྟོད་ཚོགས་ཀ1,དཔལ་ལྡན་ཆོས་ཀྱི་གྲགས་པ།,600-602,ཀ237བ-238བ,ཀ203བ-204ན,50,,,,,,,4,,ཀ,203,b,204,a,,,,,,,,,,
26,བཅོམ་ལྡན་འདས་ལ་བསྟོད་པ་དཔལ་རྡོ་རྗེ་འཛིན་གྱི་དབྱངས་ཀྱི་རྒྱ་ཆེར་བཤད་པ།,7-1,བསྟོད་ཚོགས་ཀ1,སློབ་དཔོན་ཞི་བ་འཚོ།,677-691,ཀ270བ-277བ,ཀ231བ-237ན,55,,,,,,,14,,ཀ,231,b,237,a,,,,,,,,,,
27,དེ་བཞིན་གཤེགས་པ་བརྒྱད་ལ་བསྟོད་པ།,7-2,བསྟོད་ཚོགས་ཀ1,སློབ་དཔོན་ཞི་བ་འཚོ།,699-702,ཀ278བ-279བ,ཀ238ན-239ན,58,,,,,,,3,,ཀ,238,a,239,a,,,,,,,,,,
28,ཨེ་ཀ་ནཱ་ཐའི་དོན་འགྲེལ།,11-4,བསྟོད་ཚོགས་ཀ1,སློབ་དཔོན་ཕྱོགས་ཀྱི་གླང་པོ།,980-782,ཀ295བ-296ན,འདི་མེད།,73,2,ཀ,295,b,296,a,,,,,,,,,,,,,,,,,
1,རྒྱུད་ཀྱི་རྒྱལ་པོ་ཆེན་པོ་དཔལ་དགྱེས་པའི་རྡོ་རྗེའི་དཀའ་འགྲེལ་སྤྱན་འབྱེད།,,རྒྱུད། ང 3,དྷརྨྨཱ་ཀཱིརྟི།,609-818,ཙ349ན-444ན,ང236བ-321ན,,,,,,,,172,,ང,236,b,321,a,,,,,,,,,,
29,དགོངས་པའི་སྐད་ཀྱི་འགྲེལ་པ།,1-24,རྒྱུད་ ཇ།4,འཕགས་པ་ཀླུ་སྒྲུབ།,1537-1548,ཝ335བ-341ན,ཇ297ན-301བ,8,,,,,,,8,,ཇ,297,a,301,b,,,,,,,,,,
30,དཔལ་དགྱེས་པ་རྡོ་རྗེའི་སྒྲུབ་ཐབས་རིན་པོ་ཆེའི་སྒྲོན་མ་ཞེས་བྱ་བ།,17-1,རྒྱུད། ཏ5,དཔལ་མར་མེ་མཛད།,1007-1022,ཟ34བ-42བ,ཏ28བ-34བ,6,,,,,,,13,,ཏ,28,b,34,b,,,,,,,,,,
31,འབྱུང་པོ་ཐམས་ཅད་པའི་གཏོར་མའི་ཆོ་ག,17-2,རྒྱུད། ཏ།5,དཔལ་མར་མེ་མཛད་ཡེ་ཤེས།,1450-1455,ཞ585ན-587ན,ཏ185བ-187ན,33,,,,,,,6,,ཏ,185,b,187,a,,,,,,,,,,
32,ཀྱེའི་རྡོ་རྗེ་ལས་བྱུང་བའི་ཀུ་རུ་ཀུལླེའི་མན་ངག་ཆེན་པོ་ལྔ།,7-8,རྒྱུད་ ཏ5,སློབ་དཔོན་ཞི་བ་འཚོ།,1632-1635,ཟ122བ-123བ,ཏ242བ-243བ,52,,,,,,,3,,ཏ,242,b,243,b,,,,,,,,,,
33,དཔལ་རྡོ་རྗེ་མཁའ་འགྲོའི་བསྟོད་པ་རྒྱུན་ཆགས་ཞེས་བྱ་བ།,12-2,རྒྱུད། ཝ11,དཔལ་ལྡན་ཆོས་ཀྱི་གྲགས་པ།,625-629,ན282བ-284བ,ཝ242ན-243ན,23,,,,,,,3,,ཝ,242,a,243,a,,,,,,,,,,
34,མངོན་པར་རྟོགས་པ་རྣམ་པར་འབྱེད་པ་ཞེས་བྱ་བ།,17-3,རྒྱུད། ཞ།11,ཇོ་བོ་རྗེ།,1523-1563,པ185བ-204ན,ཞ186ན-202བ,,,,,,,,32,,ཞ,186,a,202,b,,,,,,,,,,
35,དཔལ་འཁོར་སྡོམ་པའི་སྒྲུབ་ཐབས།,17-4,རྒྱུད། ཞ11,ཇོ་བོ་རྗེ།,1566-1572,པ204ན-206བ,ཞ202བ-204བ,,,,,,,,5,,ཞ,202,b,204,b,,,,,,,,,,
36,དཔལ་བཅོམ་ལྡན་འདས་ཀྱི་མངོན་པར་རྟོགས་པ་ཞེས་བྱ་བ།,17-5,རྒྱུད། ཞ11,དཔལ་མར་མེ་མཛད་ཡེ་ཤེས།,1573-1579,པ206བ-209བ,ཞ204བ-207ན,,,,,,,,8,,ཞ,204,b,207,a,,,,,,,,,,
37,དཔའ་བོ་གཅིག་པའི་སྒྲུབ་ཐབས་ཞེས་བྱ་བ།,17-6,རྒྱུད། ཞ11,ཇོ་བོ་རྗེ།,1581-1584,པ209བ-210བ,ཞ207ན-208ན,,,,,,,,3,,ཞ,207,a,208,a,,,,,,,,,,
38,རྡོ་རྗེ་གདན་གྱི་རྡོ་རྗེའི་གླུ།,17-7,རྒྱུད། ཞ11,ཇོ་བོ་རྗེ།,1585-1589,པ210བ-212ན,ཞ208ན-209བ,,,,,,,,2,,ཞ,208,a,209,b,,,,,,,,,,
39,རྡོ་རྗེ་གདན་གྱི་གླུའི་འགྲེལ་པ།,17-8,རྒྱུད། ཞ11,ཇོ་བོ་རྗེ།,1590-1604,པ213ན-218བ,ཞ209བ-215ན,,,,,,,,14,,ཞ,209,b,215,a,,,,,,,,,,
40,སྤྱོད་པའི་གླུ།,17-9,རྒྱུད། ཞ11,དཔལ་མར་མེ་མཛད་ཡེ་ཤེས།,1606-1610,པ218བ-220བ,ཞ215ན-216བ,,,,,,,,2,,ཞ,215,a,216,b,,,,,,,,,,
41,སྤྱོད་པའི་གླུའི་འགྲེལ་པ།,17-10,རྒྱུད། ཞ11,ཇོ་བོ་རྗེ།,1611-1617,པ220བ-223ན,ཞ216བ-219ན,,,,,,,,8,,ཞ,216,b,219,a,,,,,,,,,,
42,རིགས་ལྡན་མའི་དེ་ཁོ་ན་ཉིད་ངེས་པ་ཞེས་བྱ་བ།,,རྒྱུད། ཟ12,དཱི་པཾ་ཀ་ར།,624-638,ཕ243བ-250བ,ཟ208བ-214ན,,,,,,,,14,,ཟ,208,b,214,a,,,,,,,,,,
43,རྡོ་རྗེ་རྣལ་འབྱོར་མ་ལ་བསྟོད་པ།,17-11,རྒྱུད། འ12,ཇོ་བོ་རྗེ།,1052-1054,ཕ420བ-421ན,འ102བ-104ན,,,,,,,,6,,ཨ,102,b,104,a,,,,,,,,,,
44,རིན་པོ་ཆེ་རྒྱན་གྱི་སྒྲུབ་པ།,17-12,རྒྱུད། འ12,ཇོ་བོ་རྗེ།,1076-1080,ཀ428བ-420ན,འ110ན-111བ,,,,,,,,2,,ཨ,110,a,111,b,,,,,,,,,,
45,རྡོ་རྗེ་ཕག་མོའི་སྒྲུབ་པའི་ཐབས།,17-13,རྒྱུད། འ12,མར་མེ་མཛད་ཡེ་ཤེས།,1081-1084,ཕ430བ-431བ,འ111བ-112བ,,,,,,,,3,,ཨ,111,b,112,b,,,,,,,,,,
46,དཔལ་རྡོ་རྗེ་རྣལ་འབྱོར་མའི་སྒྲུབ་ཐབས་ཞེས་བྱ་བ།,17-14,རྒྱུད། འ12,ཇོ་བོ་རྗེ།,1085-1087,ཕ431བ-432བ,འ112བ-113ན,,,,,,,,4,,ཨ,112,b,113,a,,,,,,,,,,
47,རྡོ་རྗེ་རྣལ་འབྱོར་མ་ལ་བསྟོད་པ།,17-15,རྒྱུད། འ12,ཇོ་བོ་རྗེ།,1089-1091,ཕ432བ-433བ,འ113ན-114ན,,,,,,,,3,,ཨ,113,a,114,a,,,,,,,,,,
48,མཆན་ཁུང་གི་སྦྱོར་བ།,1-25,རྒྱུད། ཡ13,སློབ་དཔོན་ཀླུ་སྒྲུབ།,187-191,འ89བ-91ན,ཡ72བ-73བ,,,,,,,,3,,ཡ,72,b,73,b,,,,,,,,,,
50,རྣལ་འབྱོར་ཀྱི་རྒྱུད་དཔལ་གདན་བཞི་པའི་སྒྲུབ་ཐབས།,2-1,རྒྱུད། ཡ13,འཕགས་པ་ལྷ།,192-213,འ91ན-101ན,ཡ73བ-82ན,,,,,,,,20,,ཡ,73,b,82,a,,,,,,,,,,
51,ཡེ་ཤེས་དབང་ཕྱུག་མའི་སྒྲུབ་ཐབས།,2-2,རྒྱུད། ཡ13,འཕགས་པ་ལྷ།,276-299,འ129ན-141བ,ཡ103བ-113ན,,,,,,,,22,,ཡ,103,b,113,a,,,,,,,,,,
52,རྒྱུད་ཀྱི་རྒྱལ་པོ་དཔལ་གདན་བཞི་པ་ཞེས་བྱ་བའི་དཀྱིལ་འཁོར་གྱི་ཆོ་ག་སྙིང་པོ་མདོར་བསགས་པ་ཞེས་བྱ་བ།,2-3,རྒྱུད། ཡ13,འཕགས་པ་ལྷ།,303-365,འ142ན-172བ,ཡ113ན-138ན,,,,,,,,51,,ཡ,113,a,138,a,,,,,,,,,,
53,དཔལ་གདན་བཞི་པའི་ཟབ་དོན་སྟོན་པ་ཤིང་གཅིག་གི་དཀའ་འགྲེལ་བཞུགས།,2-4,རྒྱུད། ཡ13,འཕགས་པ་ལྷ།,372-382,འ173ན-177བ,ཡ138ན-142ན,,,,,,,,9,,ཡ,138,a,142,a,,,,,,,,,,
51,རྡོ་རྗེ་དྲིལ་ཐབས་ཀྱིས་མཆོད་པའི་ཐབས་ཀྱི་རིམ་པ།,2-5,རྒྱུད། ཡ13,འཕགས་པ་ལྷ།,384-387,འ177བ-179ན,ཡ142ན-143ན,,,,,,,,3,,ཡ,142,a,143,a,,,,,,,,,,
52,སྒྲོལ་མའི་སྒྲུབ་ཐབས།,1-26,རྒྱུད། ཤ14,འཕགས་པ་ཀླུ་སྒྲུབ།,843-853,ལ1བ-6བ,ཤ1བ-5བ,,,,,,,,9,,ཤ,1,b,5,b,,,,,,,,,,
53,ཐུགས་རྗེ་ཆེན་པོ་འཕགས་མ་སྒྲོལ་མའི་སྒྲུབ་ཐབས་སྤྱིའི་མངོན་པར་རྟོགས་པ་ཞེས་བྱ་བ།,1-27,རྒྱུད། ཤ14,འཕགས་པ་ཀླུ་སྒྲུབ།,855-857,ལ6བ-7བ,ཤ6ན-6བ,,,,,,,,0,,ཤ,6,a,6,b,,,,,,,,,,
54,སྒྲོལ་མ་དཀོན་མཆོག་གསུམ་ལ་བསྟོད་པ།,17-97,རྒྱུད། ཤ།14,དཱི་པཾ་ཀ་ར།,1003-1004,ལ61བ8-62ན4,ཤ52ན5-52བ1,,,,,,,,0,,ཤ,52,a,52,b,,,,,,,,,,
55,བྱང་ཆུབ་ཀྱི་སེམས་བདེ་བའི་མན་ངག,17-98,རྒྱུད། ཤ།14,དཱི་པཾ་ཀ་ར།,1005-1007,ལ138ན7-139ན2,ཤ52བ1-53ན3,,,,,,,,4,,ཤ,52,b,53,a,,,,,,,,,,
56,རྡོ་རྗེ་ཕག་མོ་སྒྲོལ་མ་ལ་བསྟོད་པ།,5-1,རྒྱུད། ཤ14,ཟླ་བ་གྲགས་པ།,1148-1150,ལ106བ-107ན,ཤ91ན-91བ,,,,,,,,0,,ཤ,91,a,91,b,,,,,,,,,,
57,དཔལ་མགོན་པོ་ནག་པོ་ཆེན་པོའི་སྒྲུབ་ཐབས་ཀྱི་རིམ་པ་ཞེས་བྱ་བ།,1-28,རྒྱུད། ཤ14,སློབ་དཔོན་ཀླུ་སྒྲུབ།,1367-1370,ཟུ254ན-256ན,ཤ156ན-158ན,,,,,,,,5,,ཤ,156,a,158,a,,,,,,,,,,
58,དཔལ་ནག་པོ་ཆེན་པོ་ཡུམ་ཅན་གྱི་སྒྲུབ་ཐབས་ཞེས་བྱ་བ།,1-29,རྒྱུད། ཤ14,སློབ་དཔོན་ཀླུ་སྒྲུབ།,1617-1625,ལ272བ-275བ,ཤ247བ-250བ,,,,,,,,7,,ཤ,247,b,250,b,,,,,,,,,,
59,དཔལ་ནག་པོ་ཆེན་པོའི་སྒྲུབ་ཐབས་ཞེས་བྱ་བ།,1-30,རྒྱུད། ཤ།14,འཕགས་པ་ཀླུ་སྒྲུབ།,1627-1629,ལ275བ-276ན,ཤ250བ-251ན,,,,,,,,4,,ཤ,250,b,251,a,,,,,,,,,,
60,དཔལ་མགོན་པོའི་གཏོར་མ་ཞེས་བྱ་བ།,17-16,རྒྱུད། ཤ14,ཇོ་བོ་རྗེ།,1653-1658,ལ282བ-284བ,ཤ256བ-258བ,,,,,,,,5,,ཤ,256,b,258,b,,,,,,,,,,
2,དཔལ་ནག་པོ་ཆེན་པོའི་སྒྲུབ་ཐབས།,,རྒྱུད། ཤ 14,འཕགས་པ་ཀླུ་སྒྲུབ།,1692-1694,ལ292ན-293ན,ཤ267བ-268ན,,,,,,,,4,,ཤ,267,b,268,a,,,,,,,,,,
61,ནག་པོ་ཆེན་པོའི་སྒྲུབ་ཐབས།,1-31,རྒྱུད། ཤ14,མགོན་པོ་ཀླུ་སྒྲུབ།,1695-1696,ལ293ན3-293བ2,ཤ268ན3-268བ1,,,,,,,,0,,ཤ,268,a,268,b,,,,,,,,,,
62,དཔལ་ནག་པོ་ཆེན་པོའི་བསྟོད་པ་རྐང་པ་བརྒྱད་པ་ཞེས་བྱ་བ།,1-32,རྒྱུད། ཤ14,འཕགས་པ་ཀླུ་སྒྲུབ།,1698-1701,ལ293བ-294བ,ཤ268བ-269ན,,,,,,,,4,,ཤ,268,b,269,a,,,,,,,,,,
63,དཔལ་ནག་པོ་ཆེན་པོ་ལ་བསྟོད་པ་བརྒྱད་པ་ཞེས་བྱ་བ།,,རྒྱུད། ཤ14,འཕགས་པ་ཀླུ་སྒྲུབ།,1718-1721,ལ299ན-300བ,ཤ272ན-273ན,,,,,,,,3,,ཤ,272,a,273,a,,,,,,,,,,
64,དཔལ་ནག་པོ་ཆེན་པོ་ལ་བསྟོད་པ་རྐང་པ་བརྒྱད་པ་ཞེས་བྱ་བ།,,རྒྱུད། ཤ14,འཕགས་པ་ཀླུ་སྒྲུབ།,1723-1726,ལ299-ན300བ,ཤ273ན-274ན,,,,,,,,3,,ཤ,273,a,274,a,,,,,,,,,,
65,རྡོ་རྗེ་ནག་པོ་ཆེན་པོའི་བསྟོད་པ་བརྒྱད་པ།,1-33,རྒྱུད། ཤ14,མགོན་པོ་ཀླུ་སྒྲུབ།,1728-1731,ལ300བ-301བ,ཤ274ན-275ན,,,,,,,,3,,ཤ,274,a,275,a,,,,,,,,,,
66,དཔལ་གསང་བ་འདུས་པའི་རྒྱུད་ཀྱི་རྒྱུད་འགྲེལ་ཞེས་བྱ་བ།,1-34,རྒྱུད། ས།15,མགོན་པོ་ཀླུ་སྒྲུབ།,3-677,ཤ1བ-339བ,ས1བ-283བ,,,,,,,,565,,ས,1,b,283,b,,,,,,,,,,
67,ལེའུ་བཅོ་བརྒྱད་པའི་རྒྱ་ཆེར་འགྲེལ་པ།,1-35,རྒྱུད། ས།15,མགོན་པོ་ཀླུ་སྒྲུབ།,719-819,ཤ339བ-390ན,ས284ན-324ན,,,,,,,,81,,ས,284,a,324,a,,,,,,,,,,
68,སྒྲོན་མ་གསལ་བར་བྱེད་པ་ཞེས་བྱ་བའི་རྒྱ་ཆེར་བཤད་པ།,5-2,རྒྱུད། ཧ།15,ཟླ་བ་གྲགས་པས་མཛད།,829-1308,ས1བ-233ན,ཧ1བ-201བ,,,,,,,,401,,ཧ,1,b,201,b,,,,,,,,,,
69,སྦྱོར་བ་ཡན་ལག་དྲུག་པ་ཞེས་བྱ་བའི་འགྲེལ་པ།,5-3,རྒྱུད། ཧ།15,སློབ་དཔོན་ཟླ་བ་གྲགས་པ།,1335-1341,ས233ན-235བ,ཧ201བ-203བ,,,,,,,,5,,ཧ,201,b,203,b,,,,,,,,,,
70,སྒྲོལ་མ་གསལ་བར་བྱེད་པའི་དཀའ་བ་བཏུས་པའི་འགྲེལ་པ་ཞེས་བྱ་བ།,4-1,རྒྱུད། ཨ16,ལེགས་ལྡན་བྱེད།,,ཧ242བ-257ན,ཨ201བ-212ན,,,,,,,,24,,ཨ,201,b,212,a,,,,,,,,,,
71,སྒྲོན་མ་གསལ་བར་བྱེད་པའི་དགོངས་པ་རབ་གསལ་ཞེས་བྱ་བའི་བཤད་པའི་ཊཱི་ཀཱ།,4-10,རྒྱུད། ཀི། དང་ ཁི།17,ལེགས་ལྡན་འབྱེད།,563-1272དང་3-368,ཨ1བ1-348ན༨ དང ཀི1བ1-61བ༥,ཀི1བ1-292ན7དང1བ1-155ན5,,,,,,,,584,,ཀི,1,b,292,a,ཁི,1,b,155,a,,,,,
72,སྒྲོལ་མ་གསལ་བ་ཞེས་བྱ་བའི་འགྲེལ་བཤད།,2-6,རྒྱུད། ཁི།17,འཕགས་པ་ལྷ།,403-527,ཀི61བ-245ན,ཁི155ན-205ན,,,,,,,,101,,ཁི,155,a,205,a,,,,,,,,,,
73,སྒྲུབ་པའི་ཐབས་མདོར་བྱས་པ།,1-36,རྒྱུད། ངི།18,སློབ་དཔོན་ཀླུ་སྒྲུབ།,3-25,གི1བ-12ན,ངི1བ-11ན,,,,,,,,22,,ངི,1,b,11,a,,,,,,,,,,
74,རྣལ་འབྱོར་ཆེན་པོའི་རྒྱུད་དཔལ་གསང་བ་འདུས་པའི་བསྐྱེད་པའི་རིམ་པ་བསྒོམ་པའི་ཐབས་མདོ་དང་བསྲེས་པ་ཞེས་བྱ་བ།,1-37,རྒྱུད། ངི18,སློབ་དཔོན་ཀླུ་སྒྲུབ།,28-39,གི12ན-17ན,ངི11ན-15བ,,,,,,,,8,,ངི,11,a,15,b,,,,,,,,,,
75,དཔལ་གསང་བ་འདུས་པའི་དཀྱིལ་འཁོར་གྱི་ཆོ་ག་ཞེས་བྱ་བ།,1-38,རྒྱུད། ངི18,སློབ་དཔོན་ཀླུ་སྒྲུབ།,41-92,གི17ན-39བ,ངི15བ-35ན,,,,,,,,42,,ངི,15,b,35,a,,,,,,,,,,
76,དབང་བཞི་པའི་རབ་ཏུ་བྱེད་པ།,1-39,རྒྱུད། ངི18,སློབ་དཔོན་ཀླུ་སྒྲུབ།,98-106,གི39བ-45བ,ངི35ན-38ན,,,,,,,,7,,ངི,35,a,38,a,,,,,,,,,,
77,བྱང་ཆུབ་སེམས་ཀྱི་འགྲེལ་པ་ཞེས་བྱ་བ།,1-40,རྒྱུད། ངི18,འཕགས་པ་ཀླུ་སྒྲུབ།,108-119,གི42བ-48ན,ངི38ན-42བ,,,,,,,,8,,ངི,38,a,42,b,,,,,,,,,,
78,བྱང་ཆུབ་སེམས་ཀྱི་འགྲེལ་པ།,1-41,རྒྱུད། ངི18,སློབ་དཔོན་ཀླུ་སྒྲུབ།,121-128,གི48ན-50བ,ངི42བ-45ན,,,,,,,,8,,ངི,42,b,45,a,,,,,,,,,,
79,རིམ་པ་ལྔ་པ།,1-43,རྒྱུད། ངི18,སློབ་དཔོན་ཀླུ་སྒྲུབ།,129-158,གི50བ-64ན,ངི45ན-57ན,,,,,,,,25,,ངི,45,a,57,a,,,,,,,,,,
80,སྤྱོད་པ་བསྡུས་པའི་སྒྲོན་མ།,2-7,རྒྱུད། ངི18,འཕགས་པ་ལྷ།,161-283,གི64ན-121བ,ངི57ན-106བ,,,,,,,,98,,ངི,57,a,106,b,,,,,,,,,,
81,སེམས་ཀྱི་སྒྲིབ་པ་རྣམ་པར་སྦྱོང་བ་ཞེས་བྱ་བའི་རབ་ཏུ་བྱེད་པ།,2-8,རྒྱུད། ངི18,འཕགས་པ་ལྷ།,291-304,གི121བ-127ན,ངི106བ-112ན,,,,,,,,14,,ངི,106,b,112,a,,,,,,,,,,
82,བདག་བྱིན་གྱིས་བརླབ་པའི་རིམ་པ་རྣམ་པར་དབྱེ་བ།,2-9,རྒྱུད། ངི18,འཕགས་པ་ལྷ།,306-312,གི127ན-130ན,ངི112ན-114བ,,,,,,,,4,,ངི,112,a,114,b,,,,,,,,,,
83,མངོན་པར་བྱང་ཆུབ་པའི་རིམ་པའི་མན་ངག,2-10,རྒྱུད། ངི18,འཕགས་པ་ལྷ།,314-320,གི130ན-132བ,ངི114བ-117ན,,,,,,,,8,,ངི,114,b,117,a,,,,,,,,,,
84,རོ་བསྲེག་པའི་ཆོ་ག,2-11,རྒྱུད། ངི18,འཕགས་པ་ལྷ།,322-326,གི132བ-134བ,ངི117ན-118བ,,,,,,,,2,,ངི,117,a,118,b,,,,,,,,,,
85,དཔལ་གསང་བ་འདུས་པའི་རྫོགས་རིམ་མཐར་ཕྱིན་པ།,2-12,རྒྱུད། ངི18,སློབ་དཔོན་ཨཱརྱ་དེ་བ།,328-335,གི134བ-137བ,ངི118བ-121ན,,,,,,,,8,,ངི,118,b,121,a,,,,,,,,,,
86,འདུས་པའི་སྒྲུབ་པའི་ཐབས་རྣམ་པར་གཞག་པ།,1-44,རྒྱུད། ངི18,སློབ་དཔོན་ཀླུའི་བློ།,337-361,གི137བ6-149ན4,ངི121ན6-131ན5,,,,,,,,21,,ངི,121,a,131,a,,,,,,,,,,
87,རྡོ་རྗེ་སེམས་དཔའི་སྒྲུབ་ཐབས་ཞེས་བྱ་བ།,5-4,རྒྱུད། ངི18,སློབ་དཔོན་ཟླ་བ་གྲགས་པ།,537-558,གི168བ-178བ,ངི195བ-204བ,,,,,,,,19,,ངི,195,b,204,b,,,,,,,,,,
88,ལས་ཀྱི་མཐའ་རྣམ་པར་འབྱེད་པ།,1-45,རྒྱུད། ངི18,སློབ་དཔོན་ཀླུའི་བློ།,404-408,གི165ན6-166བ༤,ངི145བ3-147ན1,,,,,,,,6,,ངི,145,b,147,a,,,,,,,,,,
89,རིམ་པ་ཁོངས་སུ་བསྡུ་བའི་མན་ངག་ངེས་བྱ་བའི་རབ་ཏུ་བྱེད་པ།,1-46,རྒྱུད། ངི18,སློབ་དཔོན་ཀླུའི་བློ།,409-414,གི166བ4-168བ༢,ངི147ན1-148བ4,,,,,,,,2,,ངི,147,a,148,b,,,,,,,,,,
90,བདུད་རྩི་འཁྱིལ་པའི་སྒྲུབ་ཐབས།,5-5,རྒྱུད། ངི18,སློབ་དཔོན་ཟླ་བ་གྲགས་པ།,573-577,གི182བ-184ན,ངི209ན-210ན,,,,,,,,3,,ངི,209,a,210,a,,,,,,,,,,
91,གསང་བ་འདུས་པའི་མངོན་པར་རྟོགས་པའི་རྒྱན་གྱི་འགྲེལ་པ།,5-6,རྒྱུད། ངི18,སློབ་དཔོན་ཟླ་བ་གྲགས་པ།,578-634,གི184ན-210ན,ངི210བ-232བ,,,,,,,,45,,ངི,210,b,232,b,,,,,,,,,,
92,རྣལ་འབྱོར་ཆེན་པོའི་རྒྱུད་དཔལ་གསང་བ་འདུས་པའི་གཏོར་མའི་ཆོ་ག་ཞེས་པ།,,རྒྱུད། ངི18,ཤཱནྟ་དེ་བ།,769-772,གི266ན-266བ,ངི278ན-279ན,,,,,,,,3,,ངི,278,a,279,a,,,,,,,,,,
93,དཔལ་གསང་བ་འདུས་པའི་དཀྱིལ་འཁོར་གྱི་ཆོ་ག་ཞེས་བྱ་བ།,17-17,རྒྱུད། དི།21,མར་མེ་མཛད་བཟང་པོ།,1030-1073,ཏི83ན6-104བ2,དི69ན4-87ན3,,,,,,,,37,,དི,69,a,87,a,,,,,,,,,,
94,དཔལ་གསང་བ་འདུས་པ་འཇིག་རྟེན་དབང་ཕྱུག་གི་སྒྲུབ་པའི་ཐབས་ཞེས་བྱ་བ།,17-18,རྒྱུད། པི།22,དཔལ་མར་མེ་མཛད་ཡེ་ཤེས།,1175-1202,ཐི263ན-277བ,པི230བ-231བ,,,,,,,,3,,པི,230,b,231,b,,,,,,,,,,
95,འཕགས་པ་སྤྱན་རས་གཟིགས་དབང་ཕྱུག་སྒྲུབ་པའི་ཐབས།,17-19,རྒྱུད། པི།22,དཔལ་མར་མེ་མཛད་ཡེ་ཤེས།,1205-1209,ཐི277བ-279ན,པི231བ-233ན,,,,,,,,6,,པི,231,b,233,a,,,,,,,,,,
96,དཔལ་གསང་བ་འདུས་པའི་བསྟོད་པ།,17-20,རྒྱུད། པི།22,དཔལ་མར་མེ་མཛད་ཡེ་ཤེས།,1210-1213,ཐི279ན-280ན,པི233ན-233བ,,,,,,,,0,,པི,233,a,233,b,,,,,,,,,,
97,སྲུང་བའི་འཁོར་ལོ་སྒྲུབ་པའི་ཐབས།,17-99,རྒྱུད། མི།24,མར་མེ་མཛད་བཟང་པོ།,107-110,པི47བ8-49ན5,མི38བ1-39བ2,,,,,,,,3,,མི,38,b,39,b,,,,,,,,,,
98,གཤིན་རྗེ་གཤེད་ནག་པོའི་སྒྲུབ་ཐབས་ཞེས་བྱ་བ།,17-21,རྒྱུད། མི24,དཔལ་མར་མེ་མཛད།,194-196,པི78བ-79བ,མི64བ-65ན,,,,,,,,4,,མི,64,b,65,a,,,,,,,,,,
99,གཤིན་རྗེ་གཤེད་རྣམ་པར་སྣང་མཛད་ཀྱི་མངོན་པར་རྟོགས་པ་ཞེས་བྱ་བ།,17-22,རྒྱུད། མི24,དཔལ་མར་མེ་མཛད།,197-199,པི79བ-80ན,མི65ན-66ན,,,,,,,,3,,མི,65,a,66,a,,,,,,,,,,
100,གཤིན་རྗེ་གཤེད་རིན་ཆེན་འབྱུང་ལྡན་གྱི་སྒྲུབ་ཐབས་ཞེས་བྱ་བ།,17-23,རྒྱུད། མི24,དཔལ་མར་མེ་མཛད།,200-203,པི80ན-81ན,མི66ན-66བ,,,,,,,,0,,མི,66,a,66,b,,,,,,,,,,
101,འོད་དཔག་ཏུ་མེད་པའི་སྙིང་པོ་འདོད་ཆགས་གཤིན་རྗེ་གཤེད་སྒྲུབ་པའི་ཐབས་ཞེས་བྱ་བ།,17-24,རྒྱུད། མི24,དཔལ་མར་མེ་མཛད།,203-205,པི81ན-82ན,མི66བ-67ན,,,,,,,,4,,མི,66,b,67,a,,,,,,,,,,
102,གཤིན་རྗེ་གཤེད་རྡོ་རྗེ་ནག་པོ་ཞེས་བྱ་བའི་སྒྲུབ་ཐབས།,17-25,རྒྱུད། མི24,དཔལ་མར་མེ་མཛད།,206-208,པི82ན-83ན,མི67ན-68ན,,,,,,,,3,,མི,67,a,68,a,,,,,,,,,,
103,རྡོ་རྗེ་སེམས་མ་བདེ་བའི་སྒྲུབ་ཐབས་ཞེས་བྱ་བ།,17-26,རྒྱུད། མི24,དཔལ་མར་མེ་མཛད།,209-211,པི83ན-83བ,མི68ན-68བ,,,,,,,,0,,མི,68,a,68,b,,,,,,,,,,
104,རྡོ་རྗེ་མཁའ་འགྲོ་མ་རྣལ་འབྱོར་མའི་སྒྲུབ་ཐབས་ཞེས་བྱ་བ།,17-27,རྒྱུད། མི24,དཔལ་མར་མེ་མཛད།,212-214,པི83བ-84བ,མི68བ-69ན,,,,,,,,4,,མི,68,b,69,a,,,,,,,,,,
105,རྡོ་རྗེ་བདེ་རྒྱས་དབྱངས་ཅན་མའི་སྒྲུབ་ཐབས་ཞེས་བྱ་བ།,17-29,རྒྱུད། མི24,དཔལ་མར་མེ་མཛད།,215-217,པི84བ4-85ན7,མི169ན6-70ན1,,,,,,,,3,,མི,169,a,170,a,,,,,,,,,,
106,ལས་ཀྱི་རྡོ་རྗེ་གཽ་རཱིའི་སྒྲུབ་ཐབས་ཞེས་བྱ་བ།,17-30,རྒྱུད། མི24,དཔལ་མར་མེ་མཛད།,218-220,པི85ན8-86ན4,མི70ན1-70བ3,,,,,,,,0,,མི,70,a,70,b,,,,,,,,,,
107,ཁྲོ་བོ་ཐོ་བ་གཤིན་རྗེ་གཤེད་ཀྱི་སྒྲུབ་ཐབས་ཞེས་བྱ་བ།,17-32,རྒྱུད། མི24,དཔལ་མར་མེ་མཛད།,237-239,པི91ན-91བ,མི75ན-75བ,,,,,,,,0,,མི,75,a,75,b,,,,,,,,,,
108,དབྱུག་པ་གཤིན་རྗེ་གཤེད་རྣམ་པར་འཇོམས་པ་ཞེས་བྱ་བའི་སྒྲུབ་ཐབས།,17-100,རྒྱུད། མི24,སློབ་དཔོན་དཱི་པཾ་ཀ་ར།,240-242,པི91བ-92ན,མི75བ-76ན,,,,,,,,4,,མི,75,b,76,a,,,,,,,,,,
109,རལ་གྲི་གཤིན་རྗེ་གཤེད་གཏུམ་པོའི་སྒྲུབ་ཐབས་ཞེས་བྱ་བ།,17-33,རྒྱུད། མི24,དཔལ་མར་མེ་མཛད།,243-245,པི92བ-93ན,མི76ན-76བ,,,,,,,,0,,མི,76,a,76,b,,,,,,,,,,
110,པདྨ་གཤིན་རྗེ་གཤེད་ཤེས་རབ་བདེ་བ་ཅན་གྱི་སྒྲུབ་ཐབས་ཞེས་བྱ་བ།,17-31,རྒྱུད། མི24,ཇོ་བོ་རྗེ།,246-248,པི93ན-93བ,མི76བ-77ན,,,,,,,,4,,མི,76,b,77,a,,,,,,,,,,
111,རྡོ་རྗེ་ཁྲོ་བོ་གཏུམ་པོ་ལྷ་ལྔ་པ་ཞེས་བྱ་བའི་དཀྱིལ་འཁོར་གྱི་ཆོ་ག,1-48,རྒྱུད། ཛི25,འཕགས་པ་ཀླུ་སྒྲུབ།,1245-1260,བི80བ-88ན,ཛི64ན-70ན,,,,,,,,13,,ཛི,64,a,70,a,,,,,,,,,,
112,ཕྱག་ན་རྡོ་རྗེའི་ལམ་ཡན་ལག་བརྒྱད་པ་ཞེས་བྱ་བ།,1-49,རྒྱུད། ཛི25,འཕགས་པ་ཀླུ་སྒྲུབ།,1263-1273,བི88ན-93ན,ཛི70ན-74ན,,,,,,,,9,,ཛི,70,a,74,a,,,,,,,,,,
113,དེ་ཁོ་ན་ཉིད་སྒྲོན་མ་ཞེས་བྱ་བ།,1-50,རྒྱུད། ཛི25,དགེ་སློང་ཀླུ་སྒྲུབ།,1488-1539,བི183ན-209ན,ཛི147བ-168བ,,,,,,,,43,,ཛི,147,b,168,b,,,,,,,,,,
114,འཕགས་པ་ལག་ན་རྡོ་རྗེ་གོས་སྔོན་པོ་ཅན་གྱི་དཀྱིལ་འཁོར་གྱི་ཆོ་ག་ཐམས་ཅད་རྫོགས་པ་ཞེས་བྱ་བ།,1-51,རྒྱུད། ཛི25,སློབ་དཔོན་ནཱ་གཱརྫུ་ན།,1545-1568,བི209ན-220ན,ཛི168བ-177ན,,,,,,,,20,,ཛི,168,b,177,a,,,,,,,,,,
115,སྔགས་ཀྱི་རྒྱན་གྱི་སྒྲུབ་ཐབས།,1-52,རྒྱུད། ཛི25,སློབ་དཔོན་ནཱ་གཱརྫུ་ན།,1571-1575,བི220ན-221བ,ཛི177ན-178བ,,,,,,,,2,,ཛི,177,a,178,b,,,,,,,,,,
116,རབ་ཏུ་གནས་པའི་རྒྱན།,1-53,རྒྱུད། ཛི25,དགེ་སློང་ནཱ་གཱརྫུ་ན།,1576-1579,བི221བ-223ན,ཛི178བ-179བ,,,,,,,,3,,ཛི,178,b,179,b,,,,,,,,,,
117,འཕགས་པ་ལག་ན་རྡོ་རྗེ་གོས་སྔོན་ཅན་གྱི་སྒྲུབ་ཐབས་ཀྱི་མན་ངག་རྒྱ་ཆེར་བཤད་པའི་འགྲེལ་པ།,,རྒྱུད། ཛི25,ཀླུ་སྒྲུབ་སྙིང་པོ།,1627-1647,བི228ན-238བ,ཛི194ན-202ན,,,,,,,,17,,ཛི,194,a,202,a,,,,,,,,,,
118,ཕྱག་རྒྱ་བཞི་གཏན་ལ་དབབ་པ།,,རྒྱུད། ཝི26,ཀླུ་སྒྲུབ་སྙིང་པོ།,211-217,མི82ན-84བ,ཝི77ན-79བ,,,,,,,,4,,ཝི,77,a,79,b,,,,,,,,,,
119,དངོས་པོ་སྦྱོང་བ་ཞེས་བྱ་བ།,1-54,རྒྱུད། ཞི26,འཕགས་པ་ཀླུ་སྒྲུབ།,1284-1287,ཙི141ན-141བ,ཞི127བ-128ན,,,,,,,,4,,ཞི,127,b,128,a,,,,,,,,,,
120,ཚིགས་སུ་བཅད་པ་ཕྱེད་དང་ལྔ་ཞེས་བྱ་བ།,,རྒྱུད། ཞི 26,ཀླུ་སྒྲུབ་སྙིང་པོ།,1288-1300,ཙི141བ-146ན,ཞི128ན-133ན,,,,,,,,11,,ཞི,128,a,133,a,,,,,,,,,,
121,རྣམ་པར་མི་རྟོག་པའི་རབ་ཏུ་བྱེད་པ།,2-13,རྒྱུད། ཞི26,འཕགས་པ་ལྷ།,1302-1304,ཙི146ན-147ན,ཞི133ན-134ན,,,,,,,,3,,ཞི,133,a,134,a,,,,,,,,,,
122,འཁོར་བ་ལས་ཡིད་ངེས་པར་འབྱུང་བར་བྱེད་པ་ཞེས་བྱ་བའི་གླུ།,17-34,རྒྱུད། ཞི།26,དཔལ་མར་མེ་མཛད་ཡེ་ཤེས།,1655-1659,ཙི267བ-269ན,ཞི253ན-254བ,,,,,,,,2,,ཞི,253,a,254,b,,,,,,,,,,
123,ཆོས་ཀྱི་དབྱིངས་ལྟ་བའི་གླུ།,17-35,རྒྱུད། ཞི།26,དཔལ་མར་མེ་མཛད་ཡེ་ཤེས།,1661-1676,ཙི267བ-269ན,253ན-254བ,,,,,,,,2,,ཞི,253,a,254,b,,,,,,,,,,
124,མན་ངག་སྐུའི་སྒྲོན་མ།,8-1,རྒྱུད། ཞི།26,ཀ་མ་ལ་ཤཱི་ལ།,1678-1680,ཙི276ན4-276བ5,ཞི260བ5-261ན5,,,,,,,,4,,ཞི,260,b,261,a,,,,,,,,,,
125,ཐེག་པ་གསུང་གི་སྒྲོན་མ།,8-2,རྒྱུད། ཞི།,ཀ་མ་ལ་ཤཱི་ལ།,1681-1683,ཙི276བ6-277བ2,ཞི261ན5-261བ6,,,,,,,,0,,ཞི,261,a,261,b,,,,,,,,,,
126,ཡང་དག་ལྟ་བའི་སྒྲོན་མ།,8-3,རྒྱུད། ཞི།,ཀ་མ་ལ་ཤཱི་ལ།,1684-1686,ཙི277བ2-278བ1,ཞི261བ7-262ན5,,,,,,,,4,,ཞི,261,b,262,a,,,,,,,,,,
127,རིན་པོ་ཆེ་སྒྲོན་མ།,8-4,རྒྱུད། ཞི།,ཀ་མ་ལ་ཤཱི་ལ།,1687-1689,ཙི278ན2-278བ5,ཞི262ན1-262བ6,,,,,,,,0,,ཞི,262,a,262,b,,,,,,,,,,
128,མཉམ་ཉིད་གཞིའི་སྒྲོན་མ།,8-5,རྒྱུད། ཞི།,ཀ་མ་ལ་ཤཱི་ལ།,1690-1692,ཙི278བ5-279བ5,ཞི262བ6-263བ3,,,,,,,,3,,ཞི,262,b,263,b,,,,,,,,,,
129,མཐར་ཐུག་འབྲས་བུའི་སྒྲོན་མ་ཞེས་བྱ་བ།,8-6,རྒྱུད། ཞི26,ཀ་མ་ལ་ཤཱི་ལ།,1694-1695,ཙི279བ-280ན,ཞི263བ-263བ,,,,,,,,1,,ཞི,263,b,263,b,,,,,,,,,,
130,བྱང་ཆུབ་སྤྱོད་པའི་སྒྲོན་མ་ཞེས་བྱ་བ།,8-7,རྒྱུད། ཞི26,ཀ་མ་ལ་ཤཱི་ལ།,1696-1698,ཙི280ན-280བ,ཞི263བ-264བ,,,,,,,,3,,ཞི,263,b,264,b,,,,,,,,,,
131,རྣལ་འབྱོར་ལམ་གྱི་སྒྲོན་མ་ཞེས་བྱ་བ།,8-8,རྒྱུད། ཞི26,ཀ་མ་ལ་ཤཱི་ལ།,1699-1701,ཙི280བ-281བ,ཞི264བ-265ན,,,,,,,,4,,ཞི,264,b,265,a,,,,,,,,,,
132,གསང་བ་ཐུགས་ཀྱི་སྒྲོན་མ་ཞེས་བྱ་བ།,8-9,རྒྱུད། ཞི26,ཀ་མ་ལ་ཤཱི་ལ།,1702-1704,ཙི281བ-282བ,ཞི265ན-265བ,,,,,,,,0,,ཞི,265,a,265,b,,,,,,,,,,
133,མཎྜལ་གྱི་ཆོ་ག་ཞེས་བྱ་བ།,8-10,རྒྱུད། ཞི26,ཀ་མ་ལ་ཤཱི་ལ།,1705-1707,ཙི282བ-283ན,ཞི265བ-266བ,,,,,,,,3,,ཞི,265,b,266,b,,,,,,,,,,
134,དེ་ཁོ་ན་ཉིད་ཕྱག་རྒྱ་ཆེན་པོ་ཡི་གེ་མེད་པའི་མན་ངག,8-11,རྒྱུད། ཞི26,ཀ་མ་ལ་ཤཱི་ལ།,1708-1711,ཙི283ན-284བ,ཞི266བ-267བ,,,,,,,,3,,ཞི,266,b,267,b,,,,,,,,,,
135,ཤེས་རབ་ཀྱི་ཕ་རོལ་ཏུ་ཕྱིན་པའི་སྒྲུབ་ཐབས།,8-12,རྒྱུད། ཞི26,ཀ་མ་ལ་ཤཱི་ལ།,1712-1714,ཙི284བ-285ན,ཞི267བ-268ན,,,,,,,,4,,ཞི,267,b,268,a,,,,,,,,,,
136,རྗེ་བཙུན་འཕགས་མ་སྒྲོལ་མའི་སྒྲུབ་ཐབས།,8-13,རྒྱུད། ཞི26,ཀ་མ་ལ་ཤཱི་ལ།,1715-1718,ཙི285ན-286བ,ཞི268ན-269ན,,,,,,,,3,,ཞི,268,a,269,a,,,,,,,,,,
137,རྡོ་རྗེ་ཕག་མོའི་སྒྲུབ་ཐབས།,8-14,རྒྱུད། ཞི26,ཀ་མ་ལ་ཤཱི་ལ།,1719-1721,ཙི286བ-287ན,ཞི269ན-269བ,,,,,,,,0,,ཞི,269,a,269,b,,,,,,,,,,
138,འཇམ་པ་ཁྲོ་བོར་སྒྲུབ་པ།,8-15,རྒྱུད། ཞི26,ཀ་མ་ལ་ཤཱི་ལ།,1722-1219,ཙི287ན-288ན,ཞི269བ-270ན,,,,,,,,4,,ཞི,269,b,270,a,,,,,,,,,,
139,གོ་བ་བྱེད་པ་སྙིང་པོ་བརྒྱ་པ།,2-14,རྒྱུད། ཞི26,སློབ་དཔོན་ཨཱརྱ་དེ་བ།,1754-1766,ཕུ152ན-157བ,ཞི278བ-283ན,,,,,,,,12,,ཞི,278,b,283,a,,,,,,,,,,
140,ལྷན་ཅིག་སྐྱེས་པའི་གླུ།,,རྒྱུད། ཟི།27,ཤཱནྟ་དེ་བ།,3-6,ཚི2བ-2བ,ཟི2ན-2བ,,,,,,,,0,,ཟི,2,a,2,b,,,,,,,,,,
141,ཀླུ་སྒྲུབ་ཀྱི་གླུ།,1-139,རྒྱུད། ཟི།27,སློབ་དཔོན་ཀླུ་སྒྲུབ།,70-71,ཚི12ན3-12ན6,ཟི10ན3-10ན6,,,,,,,,1,,ཟི,10,a,10,a,,,,,,,,,,
142,དཱི་པཾ་ཀཱ་ར་ཤྲཱི་ཛྙཱ་ནའི་ཆོས་ཀྱི་གླུ།,17-101,རྒྱུད། ཟི།27,དཱི་པཾ་ཀ་ར།,72-73,ཚི12བ2-12བ6,ཟི10ན6-10བ2,,,,,,,,0,,ཟི,10,a,10,b,,,,,,,,,,
143,རང་བཞིན་གྲུབ་པ་མེད་པའི་གཞིའི་མན་ངག་ཅེས་བྱ་བ།,1-55,རྒྱུད། ཟི27,སློབ་དཔོན་ཀླུ་སྒྲུབ།,94-96,ཚི30ན-30བ,ཟི14ན-14བ,,,,,,,,0,,ཟི,14,a,14,b,,,,,,,,,,
144,གྲུབ་ཐོབ་ལྔ་བཅུའི་རྟོགས་པ་བརྗོད་པ་ཐིག་ལེ་འོད་ཀྱི་ཕྲེང་བ་ཞེས་བྱ་བ།,,རྒྱུད། ཟི27,ཨཱརྱ་དེ་བ་སོགས།,341-350,ཚི90ན-94ན,ཟི71བ-74ན,,,,,,,,8,,ཟི,71,b,74,a,,,,,,,,,,
3,རྔོན་པ་བ་ཆེན་པོས་ཀ་མ་ལ་ཤཱི་ལ་ལ་གནད་ཀྱི་གདམས་པ་བསྟན་པ།,,རྒྱུད། ཟི 27,རྔོན་པ་བ་ཆེན་པོ།,374-378,ཚི102ན-103བ,ཟི81ན-82ན,,,,,,,,3,,ཟི,81,a,82,a,,,,,,,,,,
145,ཉམས་ཀྱི་མན་ངག་ཐིག་ལེ་གསེར་གྱི་ཕྲེང་བ་ཞེས་བྱ་བ།,,རྒྱུད། ཟི27,སློབ་དཔོན་ཀླུ་སྒྲུབ་སོགས།,382-390,ཚི104བ-108ན,ཟི83ན-85བ,,,,,,,,4,,ཟི,83,a,85,b,,,,,,,,,,
146,དུག་ལྔ་སྦས་པའི་ལམ་མཆོག་ཏུ་གསང་བ་བསམ་གྱིས་མི་ཁྱབ་པ་ཞེས་བྱ་བ།,2-15,རྒྱུད། ཟི27,སློབ་དཔོན་འཕགས་པ་ལྷ།,524-532,ཚི162བ-166བ,ཟི129བ-132བ,,,,,,,,7,,ཟི,129,b,132,b,,,,,,,,,,
147,ཏིང་ངེ་འཛིན་ཚོགས་ཀྱི་ལེའུ།,17-36,རྒྱུད། ཟི།27,དཔལ་མར་མེ་མཛད།,542-544,ཚི169ན-169བ,ཟི134བ-135ན,,,,,,,,4,,ཟི,134,b,135,a,,,,,,,,,,
148,འཇིག་རྟེན་ལས་འདས་པའི་ཡན་ལག་བདུན་པའི་ཆོ་ག,17-37,རྒྱུད། ཟི།27,དཔལ་མར་མེ་མཛད།,545-547,ཚི169བ-170ན,ཟི135ན-135བ,,,,,,,,0,,ཟི,135,a,135,b,,,,,,,,,,
149,དབང་གི་རིམ་པ་བསྟན་པ་ཞེས་བྱ་བ།,,རྒྱུད། ཟི27,རྗེ་བཙུན་ཀླུ་སྒྲུབ།,609-614,འདི་མེད།,ཟི153ན-155ན,,,,,,,,5,,ཟི,153,a,155,a,,,,,,,,,,
150,ལྟུང་བ་བཅོ་ལྔ་པ།,1-140,རྒྱུད། ཟི།27,སློབ་དཔོན་ཀླུ་སྒྲུབ།,688-689,ཚི220བ3-221ན5,ཟི179བ5-180ན3,,,,,,,,4,,ཟི,179,b,180,a,,,,,,,,,,
151,ཡན་ལག་གི་ཉེས་པ་བདུན་པ།,1-141,རྒྱུད། ཟི།27,སློབ་དཔོན་ཀླུ་སྒྲུབ།,690-691,ཚི221ན8-221བ༢,ཟི180ན6-180བ1,,,,,,,,0,,ཟི,180,a,180,b,,,,,,,,,,
152,རྡོ་རྗེ་ཐེག་པའི་སྦོམ་པོའི་ལྟུང་བ།,1-56,རྒྱུད། ཟི27,སློབ་དཔོན་ཀླུ་སྒྲུབ།,692-693,ཚི221བ-221,ཟི180ན-180བ,,,,,,,,0,,ཟི,180,a,180,b,,,,,,,,,,
153,རྩ་བའི་ལྟུང་བའི་རྒྱ་ཆེར་འགྲེལ་པ།,17-170,རྒྱུད། ཟི27,ཇོ་བོ་རྗེ།,739-753,ཚི238བ-245ན,ཟི192བ-197བ,,,,,,,,11,,ཟི,192,b,197,b,,,,,,,,,,
154,སྐུ་དང་གསུང་དང་ཐུགས་རབ་ཏུ་གནས་པ་ཞེས་བྱ་བ།,17-38,རྒྱུད། ཟི།27,དཔལ་མར་མེ་མཛད་ཡེ་ཤེས།,918-930,ཚི316ན-322ན,ཟི254བ-260ན,,,,,,,,14,,ཟི,254,b,260,a,,,,,,,,,,
4,དཀྱིལ་འཁོར་གྱི་ཐིག་གི་ཆོ་ག,,རྒྱུད། རི། 28,དྷརྨ་ཀཱིརྟི།,1230-1231,ཞི246ན-246བ,རི215བ-216ན,,,,,,,,4,,རི,215,b,216,a,,,,,,,,,,
5,ངན་སོང་ཐམས་ཅད་ཡོངས་སུ་སྦྱོང་བའི་རོའི་སྦྱིན་སྲེག་གི་དཀྱིལ་འཁོར་གྱི་ཆོ་ག,,རྒྱུད། ཇུ 34,དྷརྨ་ཀཱིརྟི།,1301-1349,གུ226བ-252ན,ཇུ207བ-228ན,,,,,,,,44,,ཇུ,207,b,228,a,,,,,,,,,,
155,ཤེས་རབ་ཀྱི་ཕ་རོལ་ཏུ་ཕྱིན་པའི་སྙིང་པོའི་སྒྲུབ་ཐབས།,1-57,རྒྱུད། ཇུ34,ཀླུ་སྒྲུབ་སྙིང་པོ།,1397-1402,གུ259ན-261ན,ཇུ243བ-245བ,,,,,,,,5,,ཇུ,243,b,245,b,,,,,,,,,,
156,མི་འཁྲུགས་པའི་སྒྲུབ་ཐབས་ཞེས་བྱ་བ།,17-39,རྒྱུད། ཇུ34,ཇོ་བོ་རྗེ།,1589-1593,གུ337ན-338བ,ཇུ306བ-308ན,,,,,,,,6,,ཇུ,306,b,308,a,,,,,,,,,,
157,མི་འཁྲུགས་པའི་སྒྲུབ་ཐབས་བསྡུས་པ།,,རྒྱུད། ཇུ34,མར་མེ་མཛད་ཡེ་ཤེས།,1594-1596,གུ338བ-339ན,ཇུ308ན-308ན,,,,,,,,1,,ཇུ,308,a,308,a,,,,,,,,,,
158,ལས་ཀྱི་སྒྲིབ་པ་ཐམས་ཅད་རྣམ་པར་འཇོམས་པ་ཞེས་བྱ་བའི་དཀྱིལ་འཁོར་གྱི་ཆོ་ག,17-40,རྒྱུད། ཇུ34,དཔལ་མར་མེ་མཛད།,1597-1600,གུ339ན-340བ,ཇུ308བ-309བ,,,,,,,,3,,ཇུ,308,b,309,b,,,,,,,,,,
159,སྦྱིན་སྲེག་གི་ཆོ་ག,17-102,རྒྱུད། ཇུ34,ཇོ་བོ་རྗེ།,1612-1614,གུ342ན-343བ,ཇུ311ན-311བ,,,,,,,,0,,ཇུ,311,a,311,b,,,,,,,,,,
160,འཕགས་པ་ལག་ན་རྡོ་རྗེ་གོས་སྔོན་པོ་ཅན་གྱི་ཆོ་ག་ཞེས་བྱ་བའི་གཟུངས་ཀྱི་འགྲེལ་པ།,1-58,རྒྱུད། ཐུ།36,སློབ་དཔོན་ཀླུ་སྒྲུབ།,363-378,ཆུ146བ-153བ,ཐུ131བ-137བ,,,,,,,,13,,ཐུ,131,b,137,b,,,,,,,,,,
161,རྡོ་རྗེ་རྣམ་པར་འཇོམས་པ་ཞེས་བྱ་བའི་གཟུངས་ཀྱི་བཤད་པ།,7-15,རྒྱུད། ཐུ།36,མཁན་ཆེན་ཞི་བ་འཚོ།,431-444,ཆུ158བ-164བ,ཐུ156བ-161བ,,,,,,,,11,,ཐུ,156,b,161,b,,,,,,,,,,
162,འཕགས་པ་སྒོ་དྲུག་པའི་གཟུངས་ཀྱི་རྣམ་པར་བཤད་པ།,10-2,རྒྱུད། ནུ།37,སློབ་དཔོན་དབྱིག་གཉེན།,3-7,ཉུ1བ-3བ,ནུ1བ-2བ,,,,,,,,3,,ནུ,1,b,2,b,,,,,,,,,,
163,འཇམ་དཔལ་རྡོ་རྗེ་བློ་གྲོས་འཕེལ་བ་ཞེས་བྱ་བ།,1-59,རྒྱུད། ནུ།37,སློབ་དཔོན་ཀླུ་སྒྲུབ།,271-274,ཉུ84ན-85ན,ནུ69ན-70ན,,,,,,,,3,,ནུ,69,a,70,a,,,,,,,,,,
164,བཅོམ་ལྡན་འདས་འཇམ་པའི་དབྱངས་ཀྱི་དཔྱད།,2-16,རྒྱུད། ནུ།37,འཕགས་པ་ལྷ།,275-284,ཉུ85ན-88བ,འདི་མེད།,,8,ཉུ,85,a,88,b,,,དི་མེད།,,,,,,,,,,,,,,
165,འཇམ་པའི་དབྱངས་དཔའ་བོ་གཅིག་ཏུ་གྲུབ་པའི་སྒྲུབ་ཐབས།,17-41,རྒྱུད། ནུ།37,མར་མེ་མཛད་ཡེ་ཤེས།,286-291,ཉུ88བ8-90བ8,ནུ70ན3-72ན2,,,,,,,,5,,ནུ,70,a,72,a,,,,,,,,,,
166,འཕགས་པ་འཇམ་པའི་དབྱངས་ཀྱི་བསྟོད་པ།,11-5,རྒྱུད། ནུ།37,ཕྱོགས་ཀྱི་གླང་པོ།,327-330,ཉུ96བ2-97ན7,ནུ79ན3-79བ7,,,,,,,,0,,ནུ,79,a,79,b,,,,,,,,,,
167,ཐུགས་རྗེ་ཆེན་པོ་ལ་སྨྲེ་སྔགས་ཀྱིས་བསྟོད་བྱིན་རླབས་ཅན་ཞེས་བྱ་བ།,5-7,རྒྱུད། ནུ།37,ཟླ་བ་གྲགས་པ།,446-451,ཉུ125བ-127ན,ནུ111ན-112བ,,,,,,,,2,,ནུ,111,a,112,b,,,,,,,,,,
168,འཕགས་པ་སྤྱན་རས་གཟིགས་དབང་ཕྱུག་ཕྱག་སྟོང་པའི་སྒྲུབ་ཐབས།,1-60,རྒྱུད། ནུ།37,སློབ་དཔོན་ཀླུ་སྒྲུབ།,464-484,ཉུ128བ-138ན,ནུ114བ-122བ,,,,,,,,17,,ནུ,114,b,122,b,,,,,,,,,,
169,འཕགས་པ་འཇིག་རྟེན་དབང་ཕྱུག་ཡི་གེ་དྲུག་པའི་སྒྲུབ་ཐབས།,1-61,རྒྱུད། ནུ།37,སློབ་དཔོན་ཀླུ་སྒྲུབ།,489-493,ཉུ138ན-139བ,ནུ122བ-123བ,,,,,,,,3,,ནུ,122,b,123,b,,,,,,,,,,
170,འཇིག་རྟེན་དབང་ཕྱུག་གི་སྒྲུབ་ཐབས།,1-63,རྒྱུད། ནུ།37,སློབ་དཔོན་ཀླུ་སྒྲུབ།,697-699,ཉུ222བ-223བ,ནུ191བ-192ན,,,,,,,,4,,ནུ,191,b,192,a,,,,,,,,,,
171,འཕགས་པ་སྤྱན་རས་གཟིགས་དབང་ཕྱུག་ཁརྶ་པཱ་ཎིའི་སྒྲུབ་ཐབས།,17-42,རྒྱུད། ནུ།37,ཇོ་བོ་རྗེ་དང།,707-710,ཉུ225བ-227ན,ནུ194ན-195ན,,,,,,,,3,,ནུ,194,a,195,a,,,,,,,,,,
172,གོས་སྔོན་པོ་ཅན་གྱི་དངོས་གྲུབ་ཉེ་བ་ཞེས་བྱ་བ།,1-64,རྒྱུད། ནུ།37,སློབ་དཔོན་ཀླུ་སྒྲུབ།,771-773,ཉུ245བ-246ན,ནུ207ན-207བ,,,,,,,,0,,ནུ,207,a,207,b,,,,,,,,,,
173,གནོད་པ་སེལ་བའི་བདུད་རྩི།,1-65,རྒྱུད། ནུ།37,འཕགས་པ་ཀླུ་སྒྲུབ།,775-776,ཉུ246ན-246བ,207བ-208ན,,,,,,,,4,,ནུ,207,b,208,a,,,,,,,,,,
174,རྡོ་རྗེ་བྱབ་པའི་ལས་ཚོགས།,1-66,རྒྱུད། ནུ།37,རྗེ་བཙུན་ཀླུ་སྒྲུབ།,778-779,ཉུ246བ-247ན,ནུ208ན-208བ,,,,,,,,0,,ནུ,208,a,208,b,,,,,,,,,,
175,ཡན་ལག་བདུན་པའི་སྒྲུབ་ཐབས།,1-67,རྒྱུད། ནུ།37,འཕགས་པ་ཀླུ་སྒྲུབ།,780-782,ཉུ247ན-247བ,ནུ208ན-208བ,,,,,,,,0,,ནུ,208,a,208,b,,,,,,,,,,
176,ཕྱག་ན་རྡོ་རྗེའི་དཀྱིལ་འཁོར་གྱི་ཆོ་ག,,རྒྱུད། ནུ།37,འཕགས་པ་ཀླུ་སྒྲུབ་དང།,887-899,ཉུ283ན-288བ,ནུ235བ-240ན,,,,,,,,12,,ནུ,235,b,240,a,,,,,,,,,,
177,དཔལ་ཕྱག་ན་རྡོ་རྗེ་ལ་བསྟོད་པ།,17-43,རྒྱུད། ནུ།37,སློབ་དཔོན་དཱི་པཾ་ཀ་ར།,901-904,ཉུ289ན-290བ,ནུ240ན-241ན,,,,,,,,3,,ནུ,240,a,241,a,,,,,,,,,,
178,རྣམ་འཇོམས་ཀྱི་སྒྲུབ་ཐབས་བརྒྱ་རྩ་བརྒྱད་གྲགས་པ།,17-44,རྒྱུད། པུ།38,ཇོ་བོ་རྗེ།,50-,ཏུ17ན-24བ5,པུ16ན6-23བ4,,,,,,,,14,,པུ,16,a,23,b,,,,,,,,,,
179,ཁྲོ་བོ་བརྒྱད་ཀྱི་དཀྱིལ་འཁོར་དུ་དབང་བསྐུར་བ།,,རྒྱུད། པུ།38,དཔལ་མར་མེ་མཛད།,71-72,ཏུ25བ-26བ,པུ24བ-25ན,,,,,,,,4,,པུ,24,b,25,a,,,,,,,,,,
180,ལྷ་མོ་བརྒྱད་ཀྱི་དཀྱིལ་འཁོར་དུ་དབང་བསྐུར་བ།,17-104,རྒྱུད། པུ།38,དཔལ་མར་མེ་མཛད་བཟང་པོ།,73-74,ཏུ26བ-27བ,པུ25བ-26བ,,,,,,,,3,,པུ,25,b,26,b,,,,,,,,,,
181,དཔའ་བོ་གཅིག་པའི་དཀྱིལ་འཁོར་དུ་དབང་བསྐུར་བའི་བདུད་རྩི་བུམ་པའི་ཆོ་ག,17-105,རྒྱུད། པུ།38,དཔལ་མར་མེ་མཛད།,77-77,ཏུ27བ-28ན,པུ26བ-27ན,,,,,,,,4,,པུ,26,b,27,a,,,,,,,,,,
182,ཡབ་ཡུམ་གཉིས་པའི་དཀྱིལ་འཁོར་དུ་དབང་བསྐུར་བ་བདེ་སྦྱིན་དམ་པ་ཞེས་བྱ་བ།,17-106,རྒྱུད། པུ།38,དཔལ་མར་མེ་མཛད།,77-77,ཏུ28ན-29ན,པུ27ན-27,,,,,,,,0,,པུ,27,a,27,,,,,,,,,,,
183,བདུད་རྩི་ཐབ་སྦྱོར་ཞེས་བྱ་བ་ཁྲོ་བོ་བཞིའི་དཀྱིལ་འཁོར་དུ་དབང་བསྐུར་བའི་ཆོ་ག་ཟབ་མོ།,17-107,རྒྱུད། པུ།38,དཔལ་མར་མེ་མཛད།,78-81,ཏུ29ན-30བ,པུ27བ-29ན,,,,,,,,6,,པུ,27,b,29,a,,,,,,,,,,
184,སྒོ་མ་བཞིའི་དཀྱིལ་འཁོར་དུ་དབང་བསྐུར་བའི་ཆོ་ག་རིན་པོ་ཆེ་དྲི་མ་མེད་པ་ཞེས་བྱ་བ།,17-108,རྒྱུད། པུ།38,དཔལ་མར་མེ་མཛད།,82-82,ཏུ30བ-31བ,པུ29ན-29བ,,,,,,,,0,,པུ,29,a,29,b,,,,,,,,,,
185,རྒྱལ་པོ་བཞིའི་དཀྱིལ་འཁོར་དུ་དབང་བསྐུར་བ།,17-109,རྒྱུད། པུ།38,དཔལ་མར་མེ་མཛད།,82-84,ཏུ31བ-32ན,པུ29བ-30བ,,,,,,,,3,,པུ,29,b,30,b,,,,,,,,,,
186,ཕྱོགས་སྐྱོང་བ་བཅུའི་དཀྱིལ་འཁོར་དུ་དབང་བསྐུར་བའི་ཆོ་ག,17-110,རྒྱུད། པུ།38,དཔལ་མར་མེ་མཛད།,85-88,ཏུ32ན-34ན,པུ30བ-32བ,,,,,,,,5,,པུ,30,b,32,b,,,,,,,,,,
187,གཟའ་ཆེན་པོ་བརྒྱད་ཀྱི་དཀྱིལ་འཁོར་དུ་དབང་བསྐུར་བའི་ཆོ་ག་ཉི་མ་བཅུད་ལེན།,17-111,རྒྱུད། པུ།38,དཔལ་མར་མེ་མཛད།,89-91,ཏུ34ན-35བ,པུ32ན-33ན,,,,,,,,3,,པུ,32,a,33,a,,,,,,,,,,
188,རྒྱུ་སྐར་ཉི་ཤུ་རྩ་བརྒྱད་ཀྱི་དབང་བསྐུར་བའི་དཀྱིལ་འཁོར་གྱི་ཆོ་ག་རྡོ་རྗེ་གོ་ཆ་ཞེས་བྱ་བ།,17-112,རྒྱུད། པུ།38,དཔལ་མར་མེ་མཛད་བཟང་པོ།,92-94,ཏུ35བ-37ན,པུ33ན-34བ,,,,,,,,2,,པུ,33,a,34,b,,,,,,,,,,
189,ལྷ་ཆེན་པོ་བརྒྱད་ཀྱི་དཀྱིལ་འཁོར་དུ་དབང་བསྐུར་བ་ལེགས་པའི་ལམ་སྟོན་པར་བྱེད་པ་ཞེས་བྱ་བ།,17-113,རྒྱུད། པུ།38,དཔལ་མར་མེ་མཛད་བཟང་པོ།,95-97,ཏུ37ན-38བ,པུ34བ-34བ,,,,,,,,1,,པུ,34,b,34,b,,,,,,,,,,
190,ཀླུ་བརྒྱད་ཀྱི་དཀྱིལ་འཁོར་དུ་དབང་བསྐུར་བ་དུག་ལས་རྒྱལ་བ་ཞེས་བྱ་བ།,17-114,རྒྱུད། པུ།38,དཔལ་མར་མེ་མཛད།,98-99,ཏུ38བ-39བ,པུ35བ-36བ,,,,,,,,3,,པུ,35,b,36,b,,,,,,,,,,
191,འཕགས་པ་རྡོ་རྗེ་རྣམ་པར་འཇོམས་པའི་ཁྲུས་ཀྱི་ཆོ་ག,17-115,རྒྱུད། པུ།38,དཔལ་མར་མེ་མཛད།,100-109,ཏུ39བ-43བ,པུ36བ-40བ,,,,,,,,9,,པུ,36,b,40,b,,,,,,,,,,
192,འཕགས་པ་རྡོ་རྗེ་རྣམ་པར་འཇོམས་པའི་རབ་ཏུ་གནས་པའི་ཆོ་ག,17-116,རྒྱུད། པུ།38,དཔལ་མར་མེ་མཛད་བཟང་པོ།,110-112,ཏུ43བ-45ན,པུ40བ-42ན,,,,,,,,6,,པུ,40,b,42,a,,,,,,,,,,
193,བསྒྲུབ་བྱ་གཟའི་བྱད་དུ་གཞུག་པའི་འཁོར་ལོ་ཅན།,17-117,རྒྱུད། པུ།38,དཔལ་མར་མེ་མཛད་བཟང་པོ།,125-125,ཏུ50བ-51ན,པུ46བ-47ན,,,,,,,,4,,པུ,46,b,47,a,,,,,,,,,,
194,ཐེ་ཚོམ་མེད་པར་འགྲུབ་པ་ལས་བསྒྲུབ་བྱ་ཐོག་གིས་བསད་པའི་ཆོ་ག་དྲག་ཤུལ་ཞེས་བྱ་བ།,17-118,རྒྱུད། པུ།38,དཔལ་མར་མེ་མཛད་བཟང་པོ།,126-126,ཏུ51ན-51བ,པུ47ན-47བ,,,,,,,,0,,པུ,47,a,47,b,,,,,,,,,,
195,བསྒྲུབ་བྱ་སྐྲག་པའི་ལས་ཆུ་ཐིགས་ཞེས་བྱ་བ།,17-119,རྒྱུད། པུ།38,དཔལ་མར་མེ་མཛད་བཟང་པོ།,127-128,ཏུ51བ-52ན,པུ47བ-48ན,,,,,,,,4,,པུ,47,b,48,a,,,,,,,,,,
196,འགལ་བ་སྐྲག་པར་བྱེད་པའི་ལས་སྣ་ཚོགས་པའི་ཆོ་ག་མགལ་བ་མེའི་འཁོར་ལོ་ཞེས་བྱ་བ།,17-120,རྒྱུད། པུ།38,དཔལ་མར་མེ་མཛད་བཟང་པོ།,129-129,ཏུ52ན-53ན,པུ48ན-48བ,,,,,,,,0,,པུ,48,a,48,b,,,,,,,,,,
197,ཀླུའི་ལས་ཆར་དབབ་པ་བདུད་རྩིའི་རྒྱུན་ཞེས་བྱ་བ།,17-121,རྒྱུད། པུ།38,དཔལ་མར་མེ་མཛད་བཟང་པོ།,156-156,ཏུ64བ-65ན,པུ58བ-59ན,,,,,,,,4,,པུ,58,b,59,a,,,,,,,,,,
198,ཀླུ་རྣམས་མཉེས་པར་བྱེད་པའི་ཆུ་ལ་བརྟེན་པའི་གཏོར་མ་བདུད་རྩིའི་རྒྱ་མཚོ་ཞེས་བྱ་བ།,17-122,རྒྱུད། པུ།38,དཔལ་མར་མེ་མཛད་བཟང་པོ།,156-158,ཏུ65ན-66ན,པུ59ན-59བ,,,,,,,,0,,པུ,59,a,59,b,,,,,,,,,,
199,སེམས་ཅན་བསྲུང་བའི་ལས་སྤྲིན་དྲལ་བའི་འབྱུང་བ་གཅོད་བྱེད་ཅེས་བྱ་བ།,17-123,རྒྱུད། པུ།38,དཔལ་མར་མེ་མཛད་བཟང་པོ།,159-159,ཏུ66ན-66ན,པུ60ན-60ན,,,,,,,,1,,པུ,60,a,60,a,,,,,,,,,,
200,བསྒྲུབ་བྱ་ཀླུ་རྣམས་ཀྱི་བྱད་དུ་གཞུག་པའི་ཆོ་ག་སྲོག་གཅོད་ཀྱི་སྤུ་གྲི་ཞེས་བྱ་བ།,17-124,རྒྱུད། པུ།38,དཔལ་མར་མེ་མཛད་བཟང་པོ།,167-168,ཏུ70ན-70བ,པུ63ན-63བ,,,,,,,,0,,པུ,63,a,63,b,,,,,,,,,,
201,ཤི་བའི་སེམས་ཅན་སྡིག་པ་ལས་ཐར་བར་བྱེད་པའི་རོ་སྲེག་པའི་ཆོ་ག་དུག་སྦྱངས་གསལ་བའི་མེ་ལོང་ཞེས་བྱ་བ།,17-125,རྒྱུད། པུ།38,དཔལ་མར་མེ་མཛད་བཟང་པོ།,178-180,ཏུ74བ2-76ན3,པུ67ན4-68བ2,,,,,,,,2,,པུ,67,a,68,b,,,,,,,,,,
202,མཆོད་རྟེན་གདབ་པ་ཤི་བའི་སྡིག་པ་བྱང་བར་བྱེད་པ་རང་བྱུང་འཇིགས་བྲལ་ཞེས་བྱ་བ།,17-126,རྒྱུད། པུ།38,དཔལ་མར་མེ་མཛད་བཟང་པོ།,181-182,ཏུ76ན-76བ,པུ68བ-68བ,,,,,,,,1,,པུ,68,b,68,b,,,,,,,,,,
203,འཇིག་རྟེན་གྱི་ལྷ་མཉེས་པར་བྱེད་པ་དོན་གྲུབ་ཞེས་བྱ་བ།,17-127,རྒྱུད། པུ།38,དཔལ་མར་མེ་མཛད་བཟང་པོ།,187-188,ཏུ78བ-79བ,པུ70བ-71བ,,,,,,,,3,,པུ,70,b,71,b,,,,,,,,,,
204,ཚོགས་བདག་གི་སྒྲུབ་པ་དབུལ་བའི་གཏེར་སྦྱིན་ཞེས་བྱ་བ།,17-128,རྒྱུད། པུ།38,དཔལ་མར་མེ་མཛད་བཟང་པོ།,195-195,ཏུ82ན-82བ,པུ74ན-74ན,,,,,,,,1,,པུ,74,a,74,a,,,,,,,,,,
205,གཟའ་ངན་པ་བཟློག་པའི་ཆོ་ག་རྒྱ་མཚོ་སྤྲིན་ཞེས་བྱ་བ།,17-129,རྒྱུད། པུ།38,དཔལ་མར་མེ་མཛད་བཟང་པོ།,197-199,ཏུ83ན-84ན,པུ74བ-76ན,,,,,,,,6,,པུ,74,b,76,a,,,,,,,,,,
206,གཟའི་གདོན་ལས་གྲོལ་བར་བྱེད་པའི་ཆོ་ག་རིན་པོ་ཆེ་གྲོལ་བྱེད་ཅེས་བྱ་བ།,17-130,རྒྱུད། པུ།38,དཔལ་མར་མེ་མཛད་བཟང་པོ།,200-200,ཏུ84ན-85ན,པུ76ན-76བ,,,,,,,,0,,པུ,76,a,76,b,,,,,,,,,,
207,གཟའ་བརྒྱད་ཀྱི་ལས་མ་གྲུབ་པ་རྣམས་གྲུབ་པར་བྱེད་པའི་ཆོ་ག་འདོད་པ་རབ་ཏུ་ཞི་བ་ཞེས་བྱ་བ།,17-131,རྒྱུད། པུ།38,དཔལ་མར་མེ་མཛད་བཟང་པོ།,201-201,ཏུ85ན-85བ,པུ76བ-77ན,,,,,,,,4,,པུ,76,b,77,a,,,,,,,,,,
208,རྒྱུ་སྐར་ངན་པ་ཟློག་པར་བྱེད་པའི་ཆོ་ག,17-132,རྒྱུད། པུ།38,དཔལ་མར་མེ་མཛད་བཟང་པོ།,202-209,ཏུ85བ-87བ,པུ77ན-80ན,,,,,,,,7,,པུ,77,a,80,a,,,,,,,,,,
209,རྒྱུ་སྐར་རྣམས་ཀྱི་ལས་སྣ་ཚོགས་པ་སྒྲུབ་པར་བྱེད་པ་དུས་འཛིན་བཟང་པོ་ཞེས་བྱ་བ།,17-133,རྒྱུད། པུ།38,དཔལ་མར་མེ་མཛད་བཟང་པོ།,210-211,ཏུ87བ-88བ,པུ80ན-80བ,,,,,,,,0,,པུ,80,a,80,b,,,,,,,,,,
210,ཀླུ་ཆེན་པོ་བརྒྱད་མཆོད་པས་མི་བཟད་པའི་ནད་ཡམས་དྲག་པོ་ལས་ཐར་བར་བྱེད་པ།,17-134,རྒྱུད། པུ།38,དཔལ་མར་མེ་མཛད་བཟང་པོ།,213-215,ཏུ89བ-90བ,པུ81བ-82བ,,,,,,,,3,,པུ,81,b,82,b,,,,,,,,,,
211,ཀླུ་སྒྲུབ་རིན་པོ་ཆེ་དབྱིག་སྒྲུབ་ཅེས་བྱ་བ།,17-135,རྒྱུད། པུ།38,དཔལ་མར་མེ་མཛད།,216-216,ཏུ90བ-91ན,82བ-83ན,,,,,,,,4,,པུ,82,b,83,a,,,,,,,,,,
212,ཀླུའི་གདོན་ལས་གྲོལ་བར་བྱེད་པ་སྦྲུལ་འཛིན་བསང་བ་ཞེས་བྱ་བ།,17-136,རྒྱུད། པུ།38,དཔལ་མར་མེ་མཛད་བཟང་པོ།,217-220,ཏུ91ན-93ན,པུ83ན-84བ,,,,,,,,2,,པུ,83,a,84,b,,,,,,,,,,
213,ཀླུའི་གདོན་ལས་ཐར་བར་བྱེད་པའི་ལས་ཀླུའི་སྲོག་མེ་དབལ་གྱི་འཁོར་ལོ་ཞེས་བྱ་བ་ཀླུའི་རྣམ་པར་འཇོམས་པའི་སྙིང་གཟེར་དུ་བཀོད་པ།,17-137,རྒྱུད། པུ།38,དཔལ་མར་མེ་མཛད།,221-223,ཏུ93ན-94བ,པུ84བ-85བ,,,,,,,,3,,པུ,84,b,85,b,,,,,,,,,,
214,སྒྲ་ལ་གནས་པའི་བསམ་གཏན་ཞེས་བྱ་བ།,17-138,རྒྱུད། པུ།38,དཔལ་མར་མེ་མཛད་བཟང་པོ།,230-234,ཏུ97ན-100ན,པུ88ན-90ན,,,,,,,,5,,པུ,88,a,90,a,,,,,,,,,,
215,སྒྲ་ལ་མི་གནས་པའི་བསམ་གཏན་ཞེས་བྱ་བ་རྣལ་འབྱོར་པའི་འཁོར་རྐྱེན་དྲུངས་ནས་འདོན་པ།,17-139,རྒྱུད། པུ།38,དཔལ་མར་མེ་མཛད་བཟང་པོ།,235-249,ཏུ100ན-103ན,པུ90ན-92ན,,,,,,,,5,,པུ,90,a,92,a,,,,,,,,,,
216,སྒྲ་མཐར་གྱིས་རྣལ་འབྱོར་པའི་ལུས་སེམས་ཀྱི་འབྲེལ་བ་གཅད་པ།,17-140,རྒྱུད། པུ།38,དཔལ་མར་མེ་མཛད་བཟང་པོ།,240-245,ཏུ103ན-106ན,པུ92ན-94ན,,,,,,,,5,,པུ,92,a,94,a,,,,,,,,,,
217,གཤིན་རྗེ་གཤེད་པོ་སྒྲུབ་པའི་ཐབས།,,རྒྱུད། པུ།38,སློབ་དཔོན་དཱི་པཾ་ཀ་ར་དང།,298-300,ཏུ120ན-121བ,པུ105ན-105བ,,,,,,,,0,,པུ,105,a,105,b,,,,,,,,,,
218,རྟ་མགྲིན་གྱི་སྒྲུབ་ཐབས།,1-68,རྒྱུད། པུ38,སློབ་དཔོན་ནཱ་གཱརྫུ་ན།,302-307,ཏུ121ན-123ན,པུ105བ-107བ,,,,,,,,5,,པུ,105,b,107,b,,,,,,,,,,
219,འཕགས་པ་རྟ་མགྲིན་གྱི་སྒྲུབ་ཐབས་ཞེས་བྱ་བ།,17-45,རྒྱུད། པུ།38,སློབ་དཔོན་དཔལ་མར་མེ་མཛད་ཡེ་ཤེས།,318-325,ཏུ125བ-129ན,པུ109བ-112བ,,,,,,,,7,,པུ,109,b,112,b,,,,,,,,,,
220,དཔལ་རྟ་མགྲིན་གྱི་སྒྲུབ་ཐབས།,17-46,རྒྱུད། པུ།38,སློབ་དཔོན་དཔལ་མར་མེ་མཛད་ཡེ་ཤེས།,327-329,ཏུ129ན-130ན,པུ112བ-113ན,,,,,,,,4,,པུ,112,b,113,a,,,,,,,,,,
221,ཁྲོ་བོའི་རྒྱལ་པོ་འཕགས་པ་མི་གཡོ་བ་ལ་བསྟོད་པ།,17-47,རྒྱུད། པུ།38,སློབ་དཔོན་དཱི་པཾ་ཀ་ར།,341-343,ཏུ133བ-134བ,པུ116ན-116བ,,,,,,,,0,,པུ,116,a,116,b,,,,,,,,,,
222,ཁྲོ་བོའི་རྒྱལ་པོ་འཕགས་པ་མི་གཡོ་བ་ལ་བསྟོད་པ།,17-144,རྒྱུད། པུ།38,མར་མེ་མཛད་ཡེ་ཤེས།,344-347,ཏུ134བ1-135བ5,པུ116བ6-117བ7,,,,,,,,3,,པུ,116,b,117,b,,,,,,,,,,
223,དགེ་བའི་འདོད་འཇོ།,1-156,རྒྱུད། པུ།38,སློབ་དཔོན་ཆེན་པོ་ཀླུ་སྒྲུབ།,393-414,ཏུ151བ-162ན,པུ131བ-140ན,,,,,,,,20,,པུ,131,b,140,a,,,,,,,,,,
224,འཕགས་པ་ཀུན་ནས་སྒོར་འཇུག་པའི་འོད་ཟེར་གཙུག་ཏོར་དྲི་མ་མེད་པའི་གཟུངས་བཀླག་ཅིང་མཆོད་རྟེན་བརྒྱ་རྩ་བརྒྱད་དམ་མཆོད་རྟེན་ལྔ་གདབ་པའི་ཆོ་ག་མདོ་སྡེ་ལས་བཏུས་པ།,7-13,རྒྱུད། པུ།38,སློབ་དཔོན་བོ་དྷི་སཏྭ།,417-449,འདི་མེད།,པུ140ན-153ན,,,,,,,,27,,པུ,140,a,153,a,,,,,,,,,,
225,འཕགས་པ་ཀུན་ནས་སྒོར་འཇུག་པའི་འོད་ཟེར་གཙུག་ཏོར་དྲི་མ་མེད་པར་སྣང་གཟུངས་བཀླག་ཅིང་མཆོད་རྟེན་བརྒྱ་རྩ་བརྒྱད་དམ་མཆོད་རྟེན་ལྔ་གདམ་པའི་ཆོ་ག་མདོ་སྡེ་ལས་བསྡུས་པ།,7-14,རྒྱུད། པུ།38,སློབ་དཔོན་བོ་དྷི་སཏྭ།,451-488,ཏུ161ན-181ན,པུ153ན168ན,,,,,,,,31,,པུ,153,a,168,a,,,,,,,,,,
226,དེ་བཞིན་གཤེགས་པ་ཐམས་ཅད་ཀྱི་དམ་ཚིག་བསྲུང་བའི་སྒྲུབ་ཐབས།,17-145,རྒྱུད། པུ།38,སློབ་དཔོན་དཱི་པཾ་ཀ་ར།,513-515,ཏུ189བ-190བ,པུ175བ-176ན,,,,,,,,4,,པུ,175,b,176,a,,,,,,,,,,
227,སཱཙྪ་ལྔ་གདབ་པའི་ཆོ་ག,17-146,རྒྱུད། པུ།38,སློབ་དཔོན་དཱི་པཾ་ཀ་ར།,516-517,ཏུ190བ-191ན,པུ176ན-176བ,,,,,,,,0,,པུ,176,a,176,b,,,,,,,,,,
228,གཙུག་ཏོར་དྲི་མ་མེད་པའི་གཟུངས་ཀྱི་ཆོ་ག,17-48,རྒྱུད། པུ།38,ཇོ་བོ་རྗེ།,519-521,ཏུ191ན-192ན,པུ176བ-177ན,,,,,,,,4,,པུ,176,b,177,a,,,,,,,,,,
229,གཙུག་ཏོར་དྲི་མ་མེད་པའི་གཟུངས་ཀྱི་ཆོ་ག,17-49,རྒྱུད། པུ།38,སློབ་དཔོན་དཔལ་མར་མེ་མཛད་ཡེ་ཤེས།,522-524,ཏུ192ན-192བ,པུ177ན-177བ,,,,,,,,0,,པུ,177,a,177,b,,,,,,,,,,
230,འཕགས་མ་རིག་མ་ཆེན་མོ་སོ་སོར་འབྲང་མའི་འཁོར་ལོ།,1-69,རྒྱུད། པུ།38,འཕགས་པ་ཀླུ་སྒྲུབ།,682-687,ཏུ243བ-245བ,པུ216ན-217བ,,,,,,,,2,,པུ,216,a,217,b,,,,,,,,,,
231,དེ་བཞིན་གཤེགས་པ་བདུན་གྱི་སྔོན་གྱི་སྨོན་ལམ་གྱི་ཁྱད་པར་རྒྱས་པའི་མདོ་སྡེའི་མན་ངག,7-11,རྒྱུད། པུ38,སློབ་དཔོན་བོ་དྷི་སཏྭ།,788-858,ཏུ285ན-322ན,པུ246ན-275ན,,,,,,,,59,,པུ,246,a,275,a,,,,,,,,,,
6,དེ་བཞིན་གཤེགས་པ་བདུན་གྱི་སྔོན་གྱི་སྨོན་ལམ་གྱི་ཁྱད་པར་རྒྱས་པའི་གཟུངས་བཀླག་པའི་ཆོ་ག་མདོ་སྡེ་ལས་བཏུས་པ།,,རྒྱུད། པུ། 38,སློབ་དཔོན་བོ་དྷི་སཏྭ།,863-914,ཏུ322ན-349བ,པུ275ན-295བ,,,,,,,,40,,པུ,275,a,295,b,,,,,,,,,,
232,དེ་བཞིན་གཤེགས་པ་བདུན་གྱི་སྔོན་གྱི་སྨོན་ལམ་གྱི་ཁྱད་པར་རྒྱས་པ་ཞེས་བྱ་བའི་མདོ་སྡེ་བཀླག་ཅིང་དེ་བཞིན་གཤེགས་པ་བདུན་མཆོད་དེ། སྨོན་ལམ་གདབ་པའི་ཆོ་ག་མདོ་སྡེ་ལས་བཏུས་ཏེ་རིམ་པར་བཀླག་པ།,7-12,རྒྱུད། པུ38,སློབ་དཔོན་བོ་དྷི་སཏྭ།,918-933,ཏུ349བ-357བ,པུ295བ-301བ,,,,,,,,13,,པུ,295,b,301,b,,,,,,,,,,
233,སྒྲོལ་མའི་སྒྲུབ་ཐབས།,17-53,རྒྱུད། ཕུ།39,ཇོ་བོ་རྗེ།,627-628,ཐུ250ན4-250བ1,ཕུ202བ4-203ན1,,,,,,,,4,,ཕུ,202,b,203,a,,,,,,,,,,
234,སྒྲོལ་མའི་སྒྲུབ་ཐབས།,17-54,རྒྱུད། ཕུ།39,ཇོ་བོ་རྗེ།,629-630,ཐུ250ན1-250བ8,ཕུ203ན1-203ན6,,,,,,,,1,,ཕུ,203,a,203,a,,,,,,,,,,
235,སྒྲོལ་མའི་སྒྲུབ་ཐབས།,17-55,རྒྱུད། ཕུ།39,ཇོ་བོ་རྗེ།,631-632,ཐུ250བ8-251ན7,ཕུ203ན6-203བ3,,,,,,,,0,,ཕུ,203,a,203,b,,,,,,,,,,
236,སྒྲོལ་མའི་སྒྲུབ་ཐབས།,17-56,རྒྱུད། ཕུ།39,ཇོ་བོ་རྗེ།,633-634,ཐུ251ན7-251བ2,ཕུ203བ4-203བ7,,,,,,,,1,,ཕུ,203,b,203,b,,,,,,,,,,
237,རྟོག་པ་ལས་གསུངས་པའུ་ལྷ་མོ་རིགས་བྱེད་མའི་སྒྲུབ་པའི་ཐབས།,1-70,རྒྱུད། མུ།40,འཕགས་པ་ཀླུ་སྒྲུབ།,210-214,དུ54ན5-56ན3,མུ42བ༣-44ན༢,,,,,,,,6,,མུ,42,b,44,a,,,,,,,,,,
238,རྡོ་རྗེ་སྒྲོལ་མའི་སྒྲུབ་ཐབས།,1-71,རྒྱུད། མུ40,འཕགས་པ་ཀླུ་སྒྲུབ།,649-652,དུ175བ-176བ,མུ136བ-137ན,,,,,,,,4,,མུ,136,b,137,a,,,,,,,,,,
239,རལ་པ་གཅིག་མའི་སྒྲུབ་ཐབས།,1-72,རྒྱུད། མུ།40,འཕགས་པ་ཀླུ་སྒྲུབ།,770-772,དུ212ན7-213ན3,མུ164བ༢-165ན1,,,,,,,,4,,མུ,164,b,165,a,,,,,,,,,,
240,ཤེས་རབ་ཀྱི་ཕ་རོལ་ཏུ་ཕྱིན་པའི་སྒྲུབ་ཐབས།,9-2,རྒྱུད། མུ40,འཕགས་པ་ཐོགས་མེད།,877-881,དུ239བ-241བ,མུ185ན-186བ,,,,,,,,2,,མུ,185,a,186,b,,,,,,,,,,
241,སྒྲོལ་མའི་རྟོག་པ་ལས་བྱུང་བའི་ཚིག་ལྷུག་པའི་རིགས་བྱེད་མའི་སྒྲུབ་ཐབས།,1-73,རྒྱུད། མུ40,འཕགས་པ་ཀླུ་སྒྲུབ།,918-922,དུ251བ-253བ,མུ193ན-195བ,,,,,,,,4,,མུ,193,a,195,b,,,,,,,,,,
242,ཀླུའི་དབང་ཕྱུག་རྒྱལ་པོའི་སྒྲུབ་ཐབས།,1-142,རྒྱུད། མུ།40,བདག་ཉིད་ཆེན་པོ་ཀླུ་སྒྲུབ།,1220-1225,དུ335ན-337བ,མུ257བ-259ན,,,,,,,,6,,མུ,257,b,259,a,,,,,,,,,,
243,འཕགས་པ་བྱམས་པའི་སྒྲུབ་ཐབས།,9-3,རྒྱུད། མུ40,སློབ་དཔོན་ཐོགས་མེད།,1233-1236,དུ340བ-341བ,མུ260བ-261བ,,,,,,,,3,,མུ,260,b,261,b,,,,,,,,,,
244,སེང་ལྡེང་ནགས་ཀྱི་སྒྲོལ་མའི་སྒྲུབ་ཐབས།,1-143,རྒྱུད། མུ།40,འཕགས་པ་ཀླུ་སྒྲུབ།,1277-1280,དུ349བ-351ན,མུ267བ-268བ,,,,,,,,3,,མུ,267,b,268,b,,,,,,,,,,
245,སྒྲོལ་མའི་སྒྲུབ་ཐབས།,17-50,རྒྱུད། མུ།40,དཔལ་མར་མེ་མཛད་ཡེ་ཤེས།,1444-1449,དུ414བ-417བ,མུ315ན-317ན,,,,,,,,5,,མུ,315,a,317,a,,,,,,,,,,
246,འཇིགས་པ་བརྒྱད་ལས་སྐྱོབ་པ།,,རྒྱུད། མུ།40,དཔལ་མར་མེ་མཛད་ཡེ་ཤེས།,1467-1469,དུ424བ-425ན,མུ322བ-323ན,,,,,,,,4,,མུ,322,b,323,a,,,,,,,,,,
247,འཕགས་མ་ལྷ་མོ་སྒྲོལ་མ་བསྒོམ་པའི་ཆོ་ག་རྒྱས་པ།,17-51,རྒྱུད། མུ།40,དཔལ་མར་མེ་མཛད་ཡེ་ཤེས།,1451-1465,དུ417བ-424བ,མུ317ན-322བ,,,,,,,,10,,མུ,317,a,322,b,,,,,,,,,,
248,འཇིགས་པ་བརྒྱད་ལས་སྐྱོབ་པ།,17-52,རྒྱུད། མུ།40,དཔལ་མར་མེ་མཛད་ཡེ་ཤེས།,1467-1469,དུ424བ2-425ན5,མུ322བ1-323ན1,,,,,,,,4,,མུ,322,b,323,a,,,,,,,,,,
249,འཕགས་མ་སྒྲོལ་མ་ལ་བསྟོད་པ།,17-152,རྒྱུད། མུ40,སློབ་དཔོན་དཱི་པཾ་ཀ་ར།,1470-1472,དུ425ན-425བ,མུ323ན-323བ,,,,,,,,0,,མུ,323,a,323,b,,,,,,,,,,
250,འཕགས་མ་སྒྲོལ་མའི་སྒྲུབ་ཐབས།,17-153,རྒྱུད། མུ།40,དཔལ་མར་མེ་མཛད་ཡེ་ཤེས།,1473-1477,དུ426ན-427བ,མུ323བ-324བ,,,,,,,,3,,མུ,323,b,324,b,,,,,,,,,,
251,ཆོམ་རྗུན་བཅིང་བ།,17-154,རྒྱུད། མུ།40,དཔལ་མར་མེ་མཛད་ཡེ་ཤེས།?,1478-1479,དུ427བ5-428ན3,324བ7-325ན5,,,,,,,,4,,མུ,324,b,325,a,,,,,,,,,,
252,དེ་ཁོ་ན་ཉིད་གྲུབ་ཞེས་བྱ་བའི་རབ་ཏུ་བྱེད་པ།,7-3,རྒྱུད། ཙུ41,སློབ་དཔོན་ཞི་བ་འཚོ།,71-103,ནུ28ན-42བ,ཙུ26བ-39ན,,,,,,,,28,,ཙུ,26,b,39,a,,,,,,,,,,
253,དམ་ཚིག་ཐམས་ཅད་བསྡུས་པ་ཞེས་བྱ་བ།,17-57,རྒྱུད། ཚུ41,སློབ་དཔོན་དཱི་པཾ་ཀ་ར།,690-704,ནུ253བ-259བ,ཚུ43ན-49བ,,,,,,,,12,,ཚུ,43,a,49,b,,,,,,,,,,
254,ཞེན་ལོག་སྒྲོན་མ།,1-74,རྒྱུད། ཚུ།41,མཁས་པ་ཀླུ་སྒྲུབ།,734-748,ནུ270བ-276བ,ཚུ58བ-63བ,,,,,,,,11,,ཚུ,58,b,63,b,,,,,,,,,,
255,འཕགས་པ་ཚོགས་ཀྱི་བདག་པོ་ཆགས་པ་རྡོ་རྗེའི་དམ་ཚིག་གི་བསྟོད་པ་ཞེས་བྱ་བ།,17-58,རྒྱུད། ཚུ41,སློབ་དཔོན་དཱི་པཾ་ཀ་ར།,804-806,ནུ289བ-290ན,ཚུ74བ-75ན,,,,,,,,4,,ཚུ,74,b,75,a,,,,,,,,,,
256,རྒྱུད་སྣ་ཚོགས་ལས་བཏུས་པའི་གཏོར་མ་ཆོ་ག,1-145,རྒྱུད། ཚུ41,སློབ་དཔོན་ཀླུ་སྒྲུབ།,1007-1086,ནུ349ན-385ན,ཚུ130བ-160བ,,,,,,,,61,,ཚུ,130,b,160,b,,,,,,,,,,
257,བདུད་རྩི་འབྱུང་བ་ཞེས་བྱ་བའི་གཏོར་མའི་ཆོ་ག,17-59,རྒྱུད། ཚུ41,སློབ་དཔོན་དཱི་པཾ་ཀ་ར།,1246-1266,ནུ429བ-438ན,ཚུ212བ-220བ,,,,,,,,17,,ཚུ,212,b,220,b,,,,,,,,,,
258,ཆུ་གཏོར་གྱི་ཆོ་ག,17-60,རྒྱུད། ཚུ41,སློབ་དཔོན་དཔལ་མར་མེ་མཛད་ཡེ་ཤེས།,1269-1272,ནུ438ན-439བ,ཚུ220བ-221བ,,,,,,,,3,,ཚུ,220,b,221,b,,,,,,,,,,
259,ཀླུ་གཏོར་གྱི་ཆོ་ག,17-61,རྒྱུད། ཚུ41,སློབ་དཔོན་དཔལ་མར་མེ་མཛད་ཡེ་ཤེས།,1273-1275,ནུ439བ-440ན,ཚུ221བ-222ན,,,,,,,,4,,ཚུ,221,b,222,a,,,,,,,,,,
260,རྒྱུན་ཆགས་ཀྱི་ཚིགས་སུ་བཅད་པས་བསྟོད་པ།,,རྒྱུད། ཝུ།42,འཕགས་པ་ཀླུ་སྒྲུབ་ཀྱིས་མཛད་བཞེད།,521-526,པུ1བ-3བ,འདི་མི་གསལ།,,5,པུ,1,b,3,b,,,འདི་མི་གསལ།,,,,,,,,,,,,,,
261,རྡོ་རྗེ་རྣལ་འབྱོར་མའི་སྒྲུབ་ཐབས།,,རྒྱུད། ཞུ།42,སློབ་དཔོན་དཱི་པཾ་ཀ་ར།,1220-1221,ཕུ18ན-18བ,འདི་མི་གསལ།,,2,ཕུ,18,a,18,b,,,འདི་མི་གསལ།,,,,,,,,,,,,,,
262,བདག་མེད་མ་ལྷ་མོ་བཅོ་ལྔ་ལ་བསྟོད་པ།,2-17,རྒྱུད། ཞུ།42,སློབ་དཔོན་ཆེན་པོ་བསོད་སྙོམས་པ་འཕགས་པ་ལྷ།,1606-1609,ཕུ211ན-212བ,འདི་མི་གསལ།,,4,ཕུ,211,a,212,b,,,འདི་མི་གསལ།,,,,,,,,,,,,,,
263,འཇིག་རྟེན་གསུམ་ལས་རྣམ་པར་རྒྱལ་བ་འཕགས་མ་སྒྲོལ་མ་སྒྲུབ་པའི་ཐབས་ཞེས་བྱ་བ།,1-75,རྒྱུད། ཞུ42,དགེ་སློང་ཀླུ་སྒྲུབ།,1616-1623,ཕུ214ན-217བ,འདི་མི་གསལ།,,8,ཕུ,214,a,217,b,,,འདི་མི་གསལ།,,,,,,,,,,,,,,
264,གཡུའི་ཐང་མ་ཀྲས་དགུ།,1-76,རྒྱུད། ཟུ།43,མགོན་པོ་ཀླུ་སྒྲུབ།,869-883,བུ426བ4-433བ4,འདི་མི་གསལ།,,15,བུ,426,b,433,b,,,འདི་མི་གསལ།,,,,,,,,,,,,,,
265,བསྡུས་པའི་རིམ་པའི་སྒྲུབ་ཐབས།,1-77,རྒྱུད། སུ།46,དཔལ་ཀླུ་སྒྲུབ།,779-802,ཞུ1བ-12ན,འདི་མི་གསལ།,,22,ཞུ,1,b,12,a,,,འདི་མི་གསལ།,,,,,,,,,,,,,,
266,རྣལ་འབྱོར་ཡན་ལག་དྲུག་པ་ཞེས་བྱ་བ།,1-78,རྒྱུད། སུ།46,འཕགས་པ་ཀླུ་སྒྲུབ།,835-842,ཞུ50ན-53ན,འདི་མི་གསལ།,,7,ཞུ,50,a,53,a,,,འདི་མི་གསལ།,,,,,,,,,,,,,,
267,ཤ་ཟ་གནོད་སྦྱིན་མཁའ་འགྲོ་ཀུན་ནས་འཁྱིལ་པའི་རྟོགས་པ་ལ་བྱུང་བའི་གྭ་ཐབས་ཞེས་བྱ་བ།,1-79,རྒྱུད། སུ།46,འཕགས་པ་ཀླུ་སྒྲུབ།,1147-1149,ཞུ219ན-220ན,འདི་མི་གསལ།,,3,ཞུ,219,a,220,a,,,འདི་མི་གསལ།,,,,,,,,,,,,,,
268,གནོད་སྦྱིན་མ་ཀུན་ནས་འཁྱིལ་པའི་གྭ་ཐབས་ཀྱི་དོན་བསྡུས་པའི་འགྲེལ་པ།,,རྒྱུད། སུ།46,འཕགས་པ་ཀླུ་སྒྲུབ།,1150-1154,ཞུ220ན-222བ,འདི་མི་གསལ།,,6,ཞུ,220,a,222,b,,,འདི་མི་གསལ།,,,,,,,,,,,,,,
269,འཕགས་པ་ཡི་གེ་དྲུག་པའི་སྒྲུབ་ཐབས།,1-62,རྒྱུད། ཧུ།47,སློབ་དཔོན་ཆེན་པོ་དཔལ་མར་མེ་མཛད།,50-52,ཟུ122བ-123ན,འདི་མི་གསལ།,,2,ཟུ,122,b,123,a,,,འདི་མི་གསལ།,,,,,,,,,,,,,,
270,ཕྱག་ན་རྡོ་རྗེ་གཏུམ་པོ་ཆེན་པོ་ཁྲོས་པ་ཞེས་བྱ་བའི་སྒྲུབ་ཐབས།,1-81,རྒྱུད། ཧུ།47,སློབ་དཔོན་ཀླུ་སྒྲུབ།,96-101,ཟུ139བ-142ན,འདི་མི་གསལ།,,6,ཟུ,139,b,142,a,,,འདི་མི་གསལ།,,,,,,,,,,,,,,
,གནོད་སྦྱིན་སྡེ་དཔོན་ཆེན་པོ་ལག་ན་རྡོ་རྗེ་གོས་སྔོན་ཅན་གྱི་སྒྲུབ་ཐབས་ཞེས་བྱ་བ།,17-64,རྒྱུད། ཧུ།47,དཔལ་མར་མེ་མཛད་ཡེ་ཤེས།,102-111,ཟུ142ན-164ན,འདི་མི་གསལ།,,45,ཟུ,142,a,164,a,,,འདི་མི་གསལ།,,,,,,,,,,,,,,
271,སྔགས་ཀྱི་དོན་འཇུག་པ།,17-62,རྒྱུད། ཧུ47,སློབ་དཔོན་དཱི་པཾ་ཀ་ར།,164-168,ཟུ164བ166ན,འདི་མི་གསལ།,,4,ཟུ,164,b,166,a,,,འདི་མི་གསལ།,,,,,,,,,,,,,,
272,དབང་གི་མན་ངག,17-62,རྒྱུད། ཧུ47,སློབ་དཔོན་དཱི་པཾ་ཀ་ར།,169-172,ཟུ166ན-167ན,འདི་མི་གསལ།,,3,ཟུ,166,a,167,a,,,འདི་མི་གསལ།,,,,,,,,,,,,,,
273,དམ་ཚིག་སྦས་པ།,17-62,རྒྱུད། ཧུ47,སློབ་དཔོན་དཱི་པཾ་ཀ་ར།,173-176,ཟུ167ན-168ན,འདི་མི་གསལ།,,3,ཟུ,167,a,168,a,,,འདི་མི་གསལ།,,,,,,,,,,,,,,
274,གཞལ་ཡས་ཁང་སྦྱིན་པ།,17-63,རྒྱུད། ཧུ།47,དཔལ་མར་མེ་མཛད་ཡེ་ཤེས།,177-180,ཟུ168ན-169ན,འདི་མི་གསལ།,,3,ཟུ,168,a,169,a,,,འདི་མི་གསལ།,,,,,,,,,,,,,,
275,ཆུ་གཏོར་གྱི་ཆོ་ག,17-62,རྒྱུད། ཧུ།47,དཔལ་མར་མེ་མཛད་ཡེ་ཤེས།,181-183,ཟུ169ན-170ན,འདི་མི་གསལ།,,3,ཟུ,169,a,170,a,,,འདི་མི་གསལ།,,,,,,,,,,,,,,
276,སྦྱིན་སྲེག་གི་ཆོ་ག,17-62,རྒྱུད། ཧུ།47,དཔལ་མར་མེ་མཛད་ཡེ་ཤེས།,184-187,ཟུ170ན-171ན,འདི་མི་གསལ།,,3,ཟུ,170,a,171,a,,,འདི་མི་གསལ།,,,,,,,,,,,,,,
277,ལྷ་མཆོད་པའི་རིམ་པ།,17-62,རྒྱུད། ཧུ།47,དཔལ་མར་མེ་མཛད་ཡེ་ཤེས།,188-191,ཟུ171ན-172བ,འདི་མི་གསལ།,,4,ཟུ,171,a,172,b,,,འདི་མི་གསལ།,,,,,,,,,,,,,,
278,ཚེ་བསྒྲུབ་པའི་ཐབས།,17-62,རྒྱུད། ཧུ།47,དཔལ་མར་མེ་མཛད་ཡེ་ཤེས།,192-194,ཟུ172བ-173བ,འདི་མི་གསལ།,,3,ཟུ,172,b,173,b,,,འདི་མི་གསལ།,,,,,,,,,,,,,,
279,འཆི་བ་སླུ་བ།,17-62,རྒྱུད། ཧུ།47,དཔལ་མར་མེ་མཛད་ཡེ་ཤེས།,195-197,ཟུ173བ-174ན,འདི་མི་གསལ།,,2,ཟུ,173,b,174,a,,,འདི་མི་གསལ།,,,,,,,,,,,,,,
280,འཆི་ཀ་མའི་བསྟན་ཆོས།,17-62,རྒྱུད། ཧུ།47,དཔལ་མར་མེ་མཛད་ཡེ་ཤེས།,198-201,ཟུ174ན-175བ,འདི་མི་གསལ།,,4,ཟུ,174,a,175,b,,,འདི་མི་གསལ།,,,,,,,,,,,,,,
281,རོ་བསྲེག་པའི་ཆོ་ག,17-62,རྒྱུད། ཧུ།47,དཔལ་མར་མེ་མཛད་ཡེ་ཤེས།,202-205,ཟུ175བ-176བ,འདི་མི་གསལ།,,3,ཟུ,175,b,176,b,,,འདི་མི་གསལ།,,,,,,,,,,,,,,
282,བདུན་ཚིགས་ཀྱི་ཆོ་ག,17-62,རྒྱུད། ཧུ།47,དཔལ་མར་མེ་མཛད་ཡེ་ཤེས།,206-209,ཟུ176བ-177བ,འདི་མི་གསལ།,,3,ཟུ,176,b,177,b,,,འདི་མི་གསལ།,,,,,,,,,,,,,,
283,ཚ་ཚྭའི་ཆོ་ག,17-62,རྒྱུད། ཧུ།47,དཔལ་མར་མེ་མཛད་ཡེ་ཤེས།,210-213,ཟུ177བ-178བ,འདི་མི་གསལ།,,3,ཟུ,177,b,178,b,,,འདི་མི་གསལ།,,,,,,,,,,,,,,
284,འཕགས་མ་སྒྲོལ་མ་ལ་བསྟོད་པ།,,རྒྱུད། ཧུ།47,དཔལ་མར་མེ་མཛད་ཡེ་ཤེས།,233-235,ཟུ185ན-186ན,འདི་མི་གསལ།,,3,ཟུ,185,a,186,a,,,འདི་མི་གསལ།,,,,,,,,,,,,,,
285,ཐམས་ཅད་གྲུབ་པ་དཔལ་འཕེལ་ལྷ་མོ་ལ་བསྟོད་པ།,1-82,རྒྱུད། ཧུ47,སློབ་དཔོན་ཀླུ་སྒྲུབ།,253-255,ཟུ190ན-190བ,འདི་མི་གསལ།,,2,ཟུ,190,a,190,b,,,འདི་མི་གསལ།,,,,,,,,,,,,,,
286,སེང་ལྡེང་ནགས་ཀྱི་སྒྲོལ་མ་ལ་བསྟོད་པ།,1-83,རྒྱུད། ཧུ47,སློབ་དཔོན་ཀླུ་སྒྲུབ།,264-267,ཟུ194བ-196ན,འདི་མི་གསལ།,,4,ཟུ,194,b,196,a,,,འདི་མི་གསལ།,,,,,,,,,,,,,,
287,ཁྲོ་བོའི་རྒྱལ་པོ་མི་གཡོ་བའི་བསྒྲུབ་པའི་ཐབས།,17-65,རྒྱུད། ཧུ།47,དཔལ་མར་མེ་མཛད་ཡེ་ཤེས།,332-339,ཟུ243ན-246བ,འདི་མི་གསལ།,,8,ཟུ,243,a,246,b,,,འདི་མི་གསལ།,,,,,,,,,,,,,,
288,དཔལ་ནག་པོ་ཆེན་པོའི་སྒྲུབ་ཐབས་ཞེས་བྱ་བ།,1-80,རྒྱུད། ཧུ47,སློབ་དཔོན་ཀླུ་སྒྲུབ།,371-373,ཟུ258བ-259ན,འདི་མི་གསལ།,,2,ཟུ,258,b,259,a,,,འདི་མི་གསལ།,,,,,,,,,,,,,,
289,ནག་པོ་ཆེན་པོ་ཕྱག་བཞི་པའི་སྒྲུབ་ཐབས།,1-84,རྒྱུད། ཨུ47,སློབ་དཔོན་ཀླུ་སྒྲུབ།,536-539,འུ13བ-14བ,འདི་མི་གསལ།,,3,ཨུ,13,b,14,b,,,འདི་མི་གསལ།,,,,,,,,,,,,,,
290,ཡེ་ཤེས་མགོན་པོ་གྲི་གུག་གི་ཅན་གྱི་བདག་བསྐྱེད་བཟླས་པ་བསྟོད་པ།,,རྒྱུད། ཨུ47,ཇོ་བོ་རྗེ།,540-542,འུ14བ-16ན,འདི་མི་གསལ།,,4,ཨུ,14,b,16,a,,,འདི་མི་གསལ།,,,,,,,,,,,,,,
291,མགོན་པོ་བྱ་རོག་གདོང་གི་གཏོར་མདོས།,,རྒྱུད། ཨུ47,འཕགས་པ་ཀླུ་སྒྲུབ།,619-639,འུ48བ-56ན,འདི་མི་གསལ།,,16,ཨུ,48,b,56,a,,,འདི་མི་གསལ།,,,,,,,,,,,,,,
292,གླང་པོ་རིན་པོ་ཆེ་ལ་ནོར་བླང་བའི་མན་ངག་ཅེས་བྱ་བ།,1-85,རྒྱུད། ཨུ47,འཕགས་པ་ཀླུ་སྒྲུབ།,709-714,འུ80བ-82བ,འདི་མི་གསལ།,,5,ཨུ,80,b,82,b,,,འདི་མི་གསལ།,,,,,,,,,,,,,,
293,ཤིན་ཏུ་མྱུར་བའི་ལྷ་ཆེན་པོ་བགེགས་ཀྱི་རྒྱལ་པོའི་སྒྲུབ་ཐབས་ཞེས་བྱ་བ།,,རྒྱུད། ཨུ།47,སློབ་དཔོན་དཱི་པཾ་ཀ་ར།,750-752,འུ93ན-93བ,འདི་མི་གསལ།,,2,ཨུ,93,a,93,b,,,འདི་མི་གསལ།,,,,,,,,,,,,,,
294,དཔལ་ཚོགས་ཀྱི་བདག་པོ་ཞི་བའི་སྒྲུབ་ཐབས།,,རྒྱུད། ཨུ47,ཇོ་བོ་རྗེ།,768-771,འུ97ན-97བ,འདི་མི་གསལ།,,2,ཨུ,97,a,97,b,,,འདི་མི་གསལ།,,,,,,,,,,,,,,
295,ཚོགས་ཀྱི་བདག་པོའི་གསང་བའི་སྒྲུབ་ཐབས་ཞེས་བྱ་བ།,,རྒྱུད། ཨུ47,སློབ་དཔོན་དཱི་པཾ་ཀ་ར།,780-783,འུ100བ-102ན,འདི་མི་གསལ།,,4,ཨུ,100,b,102,a,,,འདི་མི་གསལ།,,,,,,,,,,,,,,
296,ནོར་བདག་གཙོ་འཁོར་ལྔའི་བསྟོད་པ་དབྱིག་གི་ཆར་འབེབས་ཞེས་བྱ་བ།,17-66,རྒྱུད། ཨུ།47,དཔལ་མར་མེ་མཛད་ཡེ་ཤེས།,829-831,འུ117ན-117བ,འདི་མི་གསལ།,,2,ཨུ,117,a,117,b,,,འདི་མི་གསལ།,,,,,,,,,,,,,,
297,ཁྲོ་བོ་རེག་ཚིག་གི་སྒྲུབ་པའི་ཐབས་ཞེས་བྱ་བ།,2-31,རྒྱུད། ཨུ47,སློབ་དཔོན་ཨརྱ་དྷེ་བ།,850-859,འུ123བ-128ན,འདི་མི་གསལ།,,10,ཨུ,123,b,128,a,,,འདི་མི་གསལ།,,,,,,,,,,,,,,
298,རེག་འབིགས་མའི་སྒྲུབ་ཐབས།,2-32,རྒྱུད། ཨུ47,སློབ་དཔོན་ཨརྱ་དྷེ་བ།,860-862,འུ128ན-128བ,འདི་མི་གསལ།,,2,ཨུ,128,a,128,b,,,འདི་མི་གསལ།,,,,,,,,,,,,,,
299,སྐལ་འཇོག་དབང་གི་ཆོ་ག,2-33,རྒྱུད། ཨུ47,སློབ་དཔོན་ཨརྱ་དྷེ་བ།,863-867,འུ129ན-130བ,འདི་མི་གསལ།,,4,ཨུ,129,a,130,b,,,འདི་མི་གསལ།,,,,,,,,,,,,,,
300,ཁྲོ་བོ་རེག་ཚིག་གི་དམ་ཚིག་གསང་བའི་སྒྲུབ་ཐབས།,2-34,རྒྱུད། ཨུ47,སློབ་དཔོན་ཨརྱ་དྷེ་བ།,868-871,འུ130བ-131བ,འདི་མི་གསལ།,,3,ཨུ,130,b,131,b,,,འདི་མི་གསལ།,,,,,,,,,,,,,,
301,ཁྲོ་བོ་རེག་ཚིག་གི་སྦྱིན་སྲེག་གི་ཆོ་ག་ཞེས་བྱ་བ།,2-35,རྒྱུད། ཨུ47,སློབ་དཔོན་ཨརྱ་དྷེ་བ།,872-875,འུ121བ-123ན,འདི་མི་གསལ།,,4,ཨུ,121,b,123,a,,,འདི་མི་གསལ།,,,,,,,,,,,,,,
302,ལྷ་ཆེན་པོ་གསུམ་གྱི་སྒྲུབ་ཐབས།,2-36,རྒྱུད། ཨུ47,སློབ་དཔོན་ཨརྱ་དྷེ་བ།,879-881,འུ133བ-134ན,འདི་མི་གསལ།,,2,ཨུ,133,b,134,a,,,འདི་མི་གསལ།,,,,,,,,,,,,,,
303,བླ་མ་གསང་བར་སྒྲུབ་པ་ཞེས་བྱ་བ།,1-160,རྒྱུད། ཀེ47,ན་གརྫུ་ན།,896-901,ཡུ32བ-35ན,འདི་མི་གསལ།,,6,ཡུ,32,b,35,a,,,འདི་མི་གསལ།,,,,,,,,,,,,,,
304,རྟེན་འབྲེལ་སྙིང་པོའི་སྔགས་ཐེམ་ཞིབ་མོར་བཀོད་པ།,17-175,རྒྱུད། ཀེ།47,ཨ་ཏི་ཤ།,1272-1273,ཡུ210ན4-210བ3,འདི་ཆད་འདུག,,2,ཡུ,210,a,210,b,,,དི་ཆད་འདུག,,,,,,,,,,,,,,
305,འཕགས་པ་ཤེས་རབ་ཀྱི་ཕ་རོལ་ཏུ་ཕྱིན་པ་སྟོང་ཕྲག་ཉི་ཤུ་ལྔ་པའི་མན་ངག་གི་བསྟན་བཅོས་མངོན་པར་རྟོགས་པའི་རྒྱན་གྱི་འགྲེལ་པ།,13-1,ཤེས་ཕྱིན། ཀ49,འཕགས་པ་གྲོལ་སྡེ།,33-500,ཀ15བ-249ན,ཀ14བ-212ན,,,,,,,,398,,ཀ,14,b,212,a,,,,,,,,,,
306,འཕགས་པ་ཤེས་རབ་ཀྱི་ཕ་རོལ་ཏུ་ཕྱིན་པ་སྟོང་ཕྲག་ཉི་ཤུ་ལྔ་པའི་མན་ངག་གི་བསྟན་བཅོས་མངོན་པར་རྟོགས་པའི་རྒྱན་གྱི་ཚིག་ལེའུར་བྱས་པའི་རྣམ་པར་འགྲེལ་པ།,13-2,ཤེས་ཕྱིན། ཀ49,འཕགས་པ་གྲོལ་སྡེ།,533-967,ཁ1བ-207ན,ཁ1བ-181ན,,,,,,,,362,,ཁ,1,b,181,a,,,,,,,,,,
307,ཤེས་རབ་ཀྱི་ཕ་རོལ་ཏུ་ཕྱིན་པ་སྟོང་ཕྲག་ཉི་ཤུ་ལྔ་པ།,14-1,ཤེས་ཕྱིན། ག་དང་ང། ཅ་པ་སོགས་སུ་ཡོད།,སློབ་དཔོན་སེངྒེ་བཟང་པོ།,3-773དང807-1596།3-849,ག1བ1-363ན8དང་ང1བ1-353ན8། ཅ1བ1-403ན7,ག1བ1-315ན༧ དང་ང1བ1-307ན༧། ཅ1བ1-342ན6,,,,,,,,630,1294,ག,1,b,315,a,ང,1,b,307,a,ཅ,1,b,342,a
308,འཕགས་པ་ཤེས་རབ་ཀྱི་ཕ་རོལ་ཏུ་ཕྱིན་པ་བརྒྱད་སྟོང་པའི་བཤད་པ་མངོན་པར་རྟོགས་པའི་རྒྱན་གྱི་སྣང་བ་ཞེས་བྱ་བ།,14-2,ཤེས་ཕྱིན། ཆ51,སློབ་དཔོན་སེང་གེ་བཟང་པོ།,891-1729,ཆ1བ-426ན,ཆ1བ-341ན,,,,,,,,682,,ཆ,1,b,341,a,,,,,,,,,,
309,བཅོམ་ལྡན་འདས་ཡོན་ཏན་རིན་པོ་ཆེ་སྡུད་པའི་ཚིགས་སུ་བཅད་པའི་དཀའ་འགྲེལ་ཞེས་བྱ་བ།,14-3,ཤེས་ཕྱིན། ཇ52,སློབ་དཔོན་སེང་གེ་བཟང་པོ།,3-191,ཇ1བ-93ན,ཇ1བ-78ན,,,,,,,,156,,ཇ,1,b,78,a,,,,,,,,,,
310,ཤེས་རབ་ཀྱི་ཕ་རོལ་ཏུ་ཕྱིན་པའི་མན་ངག་གི་བསྟན་བཅོས་མངོན་པར་རྟོགས་པའི་རྒྱན་ཞེས་བྱ་བའི་འགྲེལ་པ།,14-4,ཤེས་ཕྱིན། ཇ52,སློབ་དཔོན་སེང་གེ་བཟང་པོ།,205-354,ཇ93ན-161ན,ཇ78བ-140ན,,,,,,,,126,,ཇ,78,b,140,a,,,,,,,,,,
311,ཤེས་རབ་ཀྱི་ཕ་རོལ་ཏུ་ཕྱིན་པའི་མན་ངག་གི་བསྟན་བཅོས་མངོན་པར་རྟོགས་པའི་རྒྱན་ཞེས་བྱ་བའི་འགྲེལ་པ་རྟོགས་པར་དཀའ་བའི་སྣང་བ་ཞེས་བྱ་བའི་འགྲེལ་བཤད།,,ཤེས་ཕྱིན། ཇ52,ཆོས་ཀྱི་གྲགས་པ།,362-632,ཇ161ན-289ན,ཇ140བ-254ན,,,,,,,,230,,ཇ,140,b,254,a,,,,,,,,,,
312,སྡུད་པ་ཚིགས་སུ་བཅད་པའི་དཀའ་འགྲེལ།,14-9,ཤེས་ཕྱིན། ཉ།52,སློབ་དཔོན་བུད་དྷ་ཤྲཱི་ཛྙཱ་ན།,1006-1182,ཉ135བ5-223ན8,ཉ116ན7-189བ1,,,,,,,,146,,ཉ,116,a,189,b,,,,,,,,,,
313,ཤེས་རབ་ཀྱི་ཕ་རོལ་ཏུ་ཕྱིན་པའི་དོན་བསྡུས་སྒྲོན་མ་ཞེས་བྱ་བ།,17-67,ཤེས་ཕྱིན། ཐ།53,དཔལ་མར་མེ་ཡེ་ཤེས།,1318-1341,ཐ253ན5-262ན8,ཐ230བ1-240ན7,,,,,,,,22,,ཐ,230,b,240,a,,,,,,,,,,
314,འཕགས་པ་ཤེས་རབ་ཀྱི་ཕ་རོལ་ཏུ་ཕྱིན་པ་འབུམ་པ་དང། ཉི་ཁྲི་ལྔ་སྟོང་པ་དང། ཁྲི་བརྒྱད་སྟོང་པའི་རྒྱ་ཆེར་བཤད་པ།,10-3,ཤེས་ཕྱིན། ཕ།55,སློབ་དཔོན་དབྱིག་གཉེན།,645-1327,ཕ1བ--333ན6,ཕ1བ1-292བ3,,,,,,,,583,,ཕ,1,b,292,b,,,,,,,,,,
315,འཕགས་པ་ཤེས་རབ་ཀྱི་ཕ་རོལ་ཏུ་ཕྱིན་མ་བསྡུས་པའི་ཚིག་ལེའུར་བྱས་པ།,11-6,ཤེས་ཕྱིན། ཕ55,ཕྱོགས་ཀྱི་གླང་པོ།,1377-1383,ཕ333ན-336ན,ཕ292བ-294བ,,,,,,,,5,,ཕ,292,b,294,b,,,,,,,,,,
316,འཕགས་པ་ཤེས་རབ་ཀྱི་ཕ་རོལ་ཏུ་ཕྱིན་པ་བདུན་བརྒྱ་པ་རྒྱ་ཆེར་བཤད་པ།,8-27,ཤེས་ཕྱིན། མ 56,སློབ་དཔོན་ཀ་མ་ལ་ཤཱི་ལ།,1030-1243,མ105ན-209བ,མ89ན-178ན,,,,,,,,179,,མ,89,a,178,a,,,,,,,,,,
317,འཕགས་པ་བཅོམ་ལྡན་འདས་མ་ཤེས་རབ་ཀྱི་ཕ་རོལ་ཏུ་ཕྱིན་པ་རྡོ་རྗེ་གཅོད་པའི་དོན་བདུན་གྱི་རྒྱ་ཆེར་འགྲེལ་པ།,10-4,ཤེས་ཕྱིན། མ 56,སློབ་དཔོན་དབྱིག་གཉེན།,1255-1319,འདི་མེད།,མ178ན-203བ,,,,,,,,50,,མ,178,a,203,b,,,,,,,,,,
318,འཕགས་པ་ཤེས་རབ་ཀྱི་ཕ་རོལ་ཏུ་ཕྱིན་པ་རྡོ་རྗེ་གཅོད་པའི་རྒྱ་ཆེར་འགྲེལ་པ།,8-17,ཤེས་ཕྱིན། མ 56,སློབ་དཔོན་ཀ་མ་ལ་ཤཱི་ལ།,1321-1481,མ109བ-285བ,མ204ན-267ན,,,,,,,,127,,མ,204,a,267,a,,,,,,,,,,
319,ཤེས་རབ་ཀྱི་ཕ་རོལ་ཏུ་ཕྱིན་པའི་སྙིང་པོ་ཞེས་བྱ་བའི་འགྲེལ་པ།,8-18,ཤེས་ཕྱིན། མ 56,སློབ་དཔོན་ཀ་མ་ལ་ཤཱི་ལ།,1599-1605,འདི་མེད།,མ330བ-331ན,,,,,,,,4,,མ,330,b,331,a,,,,,,,,,,
320,ཤེས་རབ་སྙིང་པོའི་རྣམ་པར་བཤད་པ།,17-68,ཤེས་ཕྱིན། མ 56,དཔལ་མར་མེ་མཛད་ཡེ་ཤེས།,1634-1645,མ333ན-338བ,མ313ན-317ན,,,,,,,,9,,མ,313,a,317,a,,,,,,,,,,
321,དབུ་མ་རྩ་བའི་ཚིག་ལེའུར་བྱས་པ་ཤེས་རབ་ཅེས་བྱ་བ།,1-87,དབུ་མ། ཙ57,འཕགས་པ་ཀླུ་སྒྲུབ།,3-46,ཙ1བ-22བ,1བ-19ན,,,,,,,,38,,,1,b,19,a,,,,,,,,,,
322,རིགས་པ་དྲུག་ཅུ་པའི་ཚིག་ལེའུར་བྱས་པ་ཞེས་བྱ་བ།,1-88,དབུ་མ། ཙ57,འཕགས་པ་ཀླུ་སྒྲུབ།,51-57,ཙ22-25ན,20བ-22བ,,,,,,,,5,,,20,b,22,b,,,,,,,,,,
323,ཞིབ་མོ་རྣམ་པར་འཐག་པ་ཞེས་བྱ་བའི་མདོ།,1-90,དབུ་མ། ཙ57,འཕགས་པ་ཀླུ་སྒྲུབ།,59-63,ཙ25ན-27ན,ཙ22བ-24ན,,,,,,,,6,,ཙ,22,b,24,a,,,,,,,,,,
324,སྟོང་པ་ཉིད་བདུན་ཅུ་པའི་ཚིག་ལེའུར་བྱས་པ་ཞེས་བྱ་བ།,1-91,དབུ་མ། ཙ57,འཕགས་པ་ཀླུ་སྒྲུབ།,65-72,ཙ27ན-30བ,ཙ24ན-27ན,,,,,,,,7,,ཙ,24,a,27,a,,,,,,,,,,
325,རྩོད་པ་བཟློག་པའི་ཚིག་ལེའུར་བྱས་པ་ཞེས་བྱ་བ།,1-92,དབུ་མ། ཙ57,འཕགས་པ་ཀླུ་སྒྲུབ།,75-81,ཙ30བ-34ན,ཙ27ན-29ན,,,,,,,,5,,ཙ,27,a,29,a,,,,,,,,,,
326,དབུ་མ་རྩ་བའི་འགྲེལ་པ་ག་ལས་འཇིགས་མེད།,1-146,དབུ་མ། ཙ57,འཕགས་པ་ཀླུ་སྒྲུབ།,83-257,ཙ34ན114ན,ཙ29བ-99ན,,,,,,,,142,,ཙ,29,b,99,a,,,,,,,,,,
327,ཞིབ་མོ་རྣམ་པར་འཐག་པ་ཞེས་བྱ་བའི་རབ་ཏུ་བྱེད་པ།,1-93,དབུ་མ། ཙ57,འཕགས་པ་ཀླུ་སྒྲུབ།,270-296,ཙ114ན-126ན,ཙ99བ-110ན,,,,,,,,24,,ཙ,99,b,110,a,,,,,,,,,,
328,སྟོང་པ་ཉིད་བདུན་ཅུ་པའི་འགྲེལ་པ།,1-94,དབུ་མ། ཙ57,འཕགས་པ་ཀླུ་སྒྲུབ།,300-327,ཙ126ན-138ན,ཙ110ན-121ན,,,,,,,,23,,ཙ,110,a,121,a,,,,,,,,,,
329,རྩོད་པ་བཟློག་པའི་འགྲེལ་པ།,1-95,དབུ་མ། ཙ57,འཕགས་པ་ཀླུ་སྒྲུབ།,331-370,ཙ138ན-156ན,ཙ121ན-137ན,,,,,,,,33,,ཙ,121,a,137,a,,,,,,,,,,
330,ཐེག་པ་ཆེན་པོ་ཉི་ཤུ་པ།,1-97,དབུ་མ། ཙ57,འཕགས་པ་ཀླུ་སྒྲུབ།,375-378,ཙ156ན-157ན,ཙ137བ-138ན,,,,,,,,4,,ཙ,137,b,138,a,,,,,,,,,,
331,ཡི་གེ་བརྒྱ་པ།,1-98,དབུ་མ། ཙ57,འཕགས་པ་ཀླུ་སྒྲུབ།,379-380,ཙ157ན-157ན,ཙ138ན-138བ,,,,,,,,0,,ཙ,138,a,138,b,,,,,,,,,,
332,ཡི་གེ་བརྒྱ་པ་ཞེས་བྱ་བའི་འགྲེལ་པ།,1-99,དབུ་མ། ཙ57,འཕགས་པ་ཀླུ་སྒྲུབ།,381-400,ཙ157བ-165བ,ཙ138བ-146བ,,,,,,,,17,,ཙ,138,b,146,b,,,,,,,,,,
333,རྟེན་ཅིང་འབྲེལ་པར་འབྱུང་བའི་སྙིང་པོའི་ཚིག་ལེའུར་བྱས་པ།,1-100,དབུ་མ། ཙ57,འཕགས་པ་ཀླུ་སྒྲུབ།,402-403,ཙ165བ-166ན,ཙ146བ-146བ,,,,,,,,1,,ཙ,146,b,146,b,,,,,,,,,,
334,རྟེན་ཅིང་འབྲེལ་པར་འབྱུང་བའི་སྙིང་པོའི་རྣམ་པར་བཤད་པ།,1-101,དབུ་མ། ཙ57,འཕགས་པ་ཀླུ་སྒྲུབ།,405-410,ཙ166ན-168བ,ཙ146བ-149ན,,,,,,,,8,,ཙ,146,b,149,a,,,,,,,,,,
335,མ་རྟོགས་པ་རྟོགས་པར་བྱེད་པ་ཞེས་བྱ་བའི་རབ་ཏུ་བྱེད་པ།,1-102,དབུ་མ། ཙ57,འཕགས་པ་ཀླུ་སྒྲུབ།,412-415,ཙ168བ-169བ,ཙ149ན-150ན,,,,,,,,3,,ཙ,149,a,150,a,,,,,,,,,,
336,སྐྱེ་མེད་རིན་པོ་ཆེའི་མཛོད་ཅེས་བྱ་བ།,1-147,དབུ་མ། ཙ57,འཕགས་པ་ཀླུ་སྒྲུབ།,416-419,ཙ169བ-170བ,ཙ150ན-151ན,,,,,,,,3,,ཙ,150,a,151,a,,,,,,,,,,
337,དབུ་མ་སྲིད་པའི་འཕོ་བ་ཞེས་བྱ་བ།,1-103,དབུ་མ། ཙ57,འཕགས་པ་ཀླུ་སྒྲུབ།,420-423,ཙ170བ-171བ,151བ-151བ,,,,,,,,1,,,151,b,151,b,,,,,,,,,,
338,དབུ་མའི་རྩ་བའི་འགྲེལ་པ་བུདྡྷ་པཱ་ལི་ཏ།,3-1,དབུ་མ། ཙ57,སངས་རྒྱས་བསྐྱངས།,442-745,ཙ178བ-317བ,ཙ158བ-281ན,,,,,,,,248,,ཙ,158,b,281,a,,,,,,,,,,
339,རང་བཞིན་གསུམ་ལ་འཇུག་པའི་སྒྲུབ་པ།,1-104,དབུ་མ། ཙ57,འཕགས་པ་ཀླུ་སྒྲུབ།,765-770,ཙ317བ-319ན,ཙ281ན-282བ,,,,,,,,2,,ཙ,281,a,282,b,,,,,,,,,,
340,ཆ་ཤས་ཀྱི་ཡན་ལག་ཅེས་བྱ་བའི་རབ་ཏུ་བྱེད་པ།,2-18,དབུ་མ། ཙ57,འཕགས་པ་ལྷ།,771-773,ཙ319ན-319བ,ཙ282བ-282བ,,,,,,,,1,,ཙ,282,b,282,b,,,,,,,,,,
341,ཆ་ཤས་ཀྱི་ཡན་ལག་ཅེས་བྱ་བའི་རབ་ཏུ་བྱེད་པའི་འགྲེལ་པ།,2-19,དབུ་མ། ཙ57,སློབ་དཔོན་འཕགས་པ་ལྷ།,774-779,ཙ319བ-321ན,ཙ282བ-284ན,,,,,,,,6,,ཙ,282,b,284,a,,,,,,,,,,
342,བསྟན་བཅོས་བཞི་བརྒྱ་པ་ཞེས་བྱ་བའི་ཚིག་ལེའུར་བྱས་པ།,2-20,དབུ་མ། ཚ 57,སློབ་དཔོན་འཕགས་པ་ལྷ།,783-821,ཚ20བ-24ན,ཚ1བ-19བ,,,,,,,,37,,ཚ,1,b,19,b,,,,,,,,,,
343,འཁྲུལ་པ་བཟློག་པའི་རིགས་པ་གཏན་ཚིགས་གྲུབ་པ་ཞེས་བྱ་བ།,2-21,དབུ་མ། ཚ 57,སློབ་དཔོན་འཕགས་པ་ལྷ།,826-834,ཚ20བ-24ན,ཚ19བ-22བ,,,,,,,,7,,ཚ,19,b,22,b,,,,,,,,,,
344,རབ་ཏུ་བྱེད་པ་ལག་པའི་ཚད་ཀྱི་ཚིག་ལེའུར་བྱས་པ།,2-22,དབུ་མ། ཚ 57,སློབ་དཔོན་འཕགས་པ་ལྷ།,836-837,ཚ24ན-24བ,ཚ22བ-22བ,,,,,,,,1,,ཚ,22,b,22,b,,,,,,,,,,
345,རབ་ཏུ་བྱེད་པ་ལག་པའི་ཚད་ཀྱི་འགྲེལ་པ།,2-23,དབུ་མ། ཚ 57,སློབ་དཔོན་འཕགས་པ་ལྷ།,838-842,ཚ24བ-26བ,ཚ22བ-24ན,,,,,,,,6,,ཚ,22,b,24,a,,,,,,,,,,
346,དབུ་མ་འཁྲུལ་པ་འཇོམས་པ་ཞེས་བྱ་བ།,2-24,དབུ་མ། ཚ 57,སློབ་དཔོན་ཨཱརྱ་དེ་བ།,844-850,ཚ26བ-29ན,ཚ24ན-26བ,,,,,,,,4,,ཚ,24,a,26,b,,,,,,,,,,
347,ཡེ་ཤེས་སྙིང་པོ་ཀུན་ལས་བཏུས་པ་ཞེས་བྱ་བ།,2-25,དབུ་མ། ཚ 57,སློབ་དཔོན་འཕགས་པ་ལྷ།,851-855,ཚ29ན-31ན,ཚ26བ-38ན,,,,,,,,26,,ཚ,26,b,38,a,,,,,,,,,,
348,དབུ་མ་རྩ་བའི་འགྲེལ་པ་ཤེས་རབ་སྒྲོལ་མ།,4-2,དབུ་མ། ཚ 57,ལེགས་ལྡན་བྱེད།,905-1454,ཚ53བ-326ན,45བ-259བ,,,,,,,,429,,,45,b,259,b,,,,,,,,,,
349,དབུ་མའི་དོན་བསྡུས་པ།,4-6,དབུ་མ། ཛ58,ལེགས་ལྡན་བྱེད།,851-853,ཛ380བ-381ན,ཛ329བ-330ན,,,,,,,,4,,ཛ,329,b,330,a,,,,,,,,,,
350,དབུ་མ་རྩ་བའི་འགྲེལ་པ་ཚིག་གསལ་བ་ཞེས་བྱ་བ།,5-8,དབུ་མ། འ60,སློབ་དཔོན་ཟླ་བ་གྲགས་པ།,3-484,འ1བ-225བ,འ1བ-200ན,,,,,,,,400,,ཨ,1,b,200,a,,,,,,,,,,
351,དབུ་མ་ལ་འཇུག་པའི་ཚིག་ལེའུར་བྱས་པ།,5-9,དབུ་མ། འ60,སློབ་དཔོན་ཟླ་བ་གྲགས་པ།,513-554,འ225བ-245ན,འདི་ཆད།,,40,ཨ,225,b,245,a,,,དི་ཆད།,,,,,,,,,,,,,,
352,དབུ་མ་ལ་འཇུག་པ་ཞེས་བྱ་བ།,5-10,དབུ་མ། འ60,སློབ་དཔོན་ཟླ་བ་གྲགས་པ།,555-597,འ245ན-264བ,འ201བ-219ན,,,,,,,,38,,ཨ,201,b,219,a,,,,,,,,,,
353,དབུ་མ་ལ་འཇུག་པའི་བཤད་པ་ཞེས་བྱ་བ།,5-11,དབུ་མ། འ60,སློབ་དཔོན་ཟླ་བ་གྲགས་པ།,600-909,འ264བ-411བ,འ220བ-348ན,,,,,,,,258,,ཨ,220,b,348,a,,,,,,,,,,
354,དབུ་མ་ཤེས་རབ་ལ་འཇུག་པ་ཞེས་བྱ་བ།,5-12,དབུ་མ། འ60,སློབ་དཔོན་ཟླ་བ་གྲགས་པ།,929-931,འ411བ-414ན,འ348བ-349བ,,,,,,,,3,,ཨ,348,b,349,b,,,,,,,,,,
355,རིགས་པ་དྲུག་ཅུ་པའི་འགྲེལ་པ།,5-13,དབུ་མ། ཡ60,སློབ་དཔོན་ཟླ་བ་གྲགས་པ།,935-1003,ཡ1བ-33བ,ཡ1བ-30བ,,,,,,,,59,,ཡ,1,b,30,b,,,,,,,,,,
356,བྱང་ཆུབ་སེམས་དཔའི་རྣལ་འབྱོར་སྤྱོད་པ་བཞི་བརྒྱ་པའི་རྒྱ་ཆེར་འགྲེལ་པ།,5-14,དབུ་མ། ཡ60,སློབ་དཔོན་ཟླ་བ་གྲགས་པ།,1008-1496,ཡ33བ-273བ,ཡ30བ-239ན,,,,,,,,420,,ཡ,30,b,239,a,,,,,,,,,,
357,ཕུང་པོ་ལྔའི་རབ་ཏུ་བྱེད་པ།,5-15,དབུ་མ། ཡ60,སློབ་དཔོན་ཟླ་བ་གྲགས་པ།,1535-1602,ཡ273བ-305བ,ཡ239བ-266བ,,,,,,,,55,,ཡ,239,b,266,b,,,,,,,,,,
358,སྟོང་ཉིད་བདུན་ཅུ་པའི་འགྲེལ་པ།,5-16,དབུ་མ། ཡ60,སློབ་དཔོན་ཟླ་བ་གྲགས་པ།,1606-1768,ཡ305བ-381བ,ཡ267ན-336བ,,,,,,,,138,,ཡ,267,a,336,b,,,,,,,,,,
359,བྱང་ཆུབ་སེམས་དཔའི་སྤྱོད་པ་ལ་འཇུག་པ།,6-1,དབུ་མ། ལ61,རྒྱལ་སྲས་ཞི་བ་ལྷ།,951-1039,ལ1བ-45ན,ལ1བ-40ན,,,,,,,,80,,ལ,1,b,40,a,,,,,,,,,,
360,བདེན་པ་གཉིས་རྣམ་པར་འབྱེད་པའི་དཀའ་འགྲེལ།,7-4,དབུ་མ། ས།62,སློབ་དཔོན་ཞི་བ་འཚོ།,793-888,ས1བ-48བ,ས15བ-52བ,,,,,,,,75,,ས,15,b,52,b,,,,,,,,,,
361,དབུ་མ་རྒྱན་གྱི་ཚིག་ལེའུར་བྱས་པ།,7-5,དབུ་མ། ས།62,སློབ་དཔོན་ཞི་བ་འཚོ།,895-904,ས48བ-52བ,ས53ན-56བ,,,,,,,,6,,ས,53,a,56,b,,,,,,,,,,
362,དབུ་མའི་རྒྱན་གྱི་འགྲེལ་པ།,7-6,དབུ་མ། ས།62,སློབ་དཔོན་ཞི་བ་འཚོ།,906-975,ས52བ-84བ,ས56བ-84ན,,,,,,,,58,,ས,56,b,84,a,,,,,,,,,,
363,དབུ་མའི་རྒྱན་གྱི་དཀའ་འགྲེལ།,8-19,དབུ་མ། ས།62,སློབ་དཔོན་ཀ་མ་ལ་ཤཱི་ལ།,981-1104,ས84བ-143བ,ས84ན-132བ,,,,,,,,96,,ས,84,a,132,b,,,,,,,,,,
364,དབུ་མ་སྣང་བ་ཞེས་བྱ་བ།,8-20,དབུ་མ། ས།62,སློབ་དཔོན་ཀ་མ་ལ་ཤཱི་ལ།,1114-1388,ས143བ-275ན,ས133བ-244ན,,,,,,,,224,,ས,133,b,244,a,,,,,,,,,,
365,དེ་ཁོ་ན་ཉིད་སྣང་བ་ཞེས་བྱ་བའི་རབ་ཏུ་བྱེད་པ།,8-21,དབུ་མ། ས།62,སློབ་དཔོན་ཀ་མ་ལ་ཤཱི་ལ།,1404-1474,ས275ན-312ན,ས244བ-273ན,,,,,,,,60,,ས,244,b,273,a,,,,,,,,,,
366,ཆོས་ཐམས་ཅད་རང་བཞིན་མེད་པ་ཉིད་དུ་གྲུབ་པ།,8-22,དབུ་མ། ས།62,སློབ་དཔོན་ཀ་མ་ལ་ཤཱི་ལ།,1479-1525,ས312ན-328ན,ས273ན-291ན,,,,,,,,37,,ས,273,a,291,a,,,,,,,,,,
367,ལྟ་བ་ཐ་དད་པ་རྣམ་པར་ཕྱེ་བ་མདོར་བསྡུས་པ།,14-5,དབུ་མ། ཨ།63,སློབ་དཔོན་དབུ་མའི་སེང་གེ།,867-882,ཧ58ན3-64བ2,ཨ1བ1-7བ6,,,,,,,,13,,ཨ,1,b,7,b,,,,,,,,,,
368,བདེན་པ་གཉིས་ལ་འཇུག་པ།,17-69,དབུ་མ། ཨ།63,མར་མེ་མཛད་ཡེ་ཤེས།,1050-1054,ཧ70ན5-71བ3,ཨ72ན3-73ན7,,,,,,,,3,,ཨ,72,a,73,a,,,,,,,,,,
269,བསྒོམ་པའི་རིམ་པ།,1-105,དབུ་མ། ཀི64,འཕགས་པ་ཀླུ་སྒྲུབ།,3-9,ཨ1བ-4བ,ཀི1བ-4ན,,,,,,,,8,,ཀི,1,b,4,a,,,,,,,,,,
370,བྱང་ཆུབ་ཀྱི་སེམས་བསྒོམ་པ།,8-23,དབུ་མ། ཀི64,ཀ་མ་ལ་ཤཱི་ལ།,49-56,འདི་ཆད།,ཀི16བ-19ན,,,,,,,,8,,ཀི,16,b,19,a,,,,,,,,,,
371,བསྒོམ་རིམ་དང་པོ།,8-24,དབུ་མ། ཀི64,ཀ་མ་ལ་ཤཱི་ལ།,65-115,ཨ22ན-45ན,ཀི22ན-41བ,,,,,,,,38,,ཀི,22,a,41,b,,,,,,,,,,
372,བསྒོམ་རིམ་བར་མ།,8-25,དབུ་མ། ཀི64,ཀ་མ་ལ་ཤཱི་ལ།,119-154,ཨ45ན-60བ,ཀི42ན-55བ,,,,,,,,26,,ཀི,42,a,55,b,,,,,,,,,,
373,བསྒོམ་རིམ་ཐ་མ།,8-26,དབུ་མ། ཀི64,ཀ་མ་ལ་ཤཱི་ལ།,158-190,ཨ60བ-74བ,ཀི55བ-68བ,,,,,,,,27,,ཀི,55,b,68,b,,,,,,,,,,
374,རྣལ་འབྱོར་བསྒོམ་པ་ལ་འཇུག་པ།,8-28,དབུ་མ། ཀི64,ཀ་མ་ལ་ཤཱི་ལ།,194-199,ཨ74བ-76བ,ཀི68བ-70བ,,,,,,,,5,,ཀི,68,b,70,b,,,,,,,,,,
375,དྲན་པ་གཅིག་པའི་མན་ངག,17-70,དབུ་མ། ཀི64,ཇོ་བོ་རྗེ།,279-282,ཨ104ན-105ན,ཀི94བ-95བ,,,,,,,,3,,ཀི,94,b,95,b,,,,,,,,,,
376,དབུ་མའི་མན་ངག་ཅེས་བྱ་བ།,17-71,དབུ་མ། ཀི།64,དཱི་པཾ་ཀ་ར།,283-286,ཨ105ན-106བ,ཀི95བ-96ན,,,,,,,,4,,ཀི,95,b,96,a,,,,,,,,,,
377,དབུ་མའི་མན་ངག་རིན་པོ་ཆེའི་ཟ་མ་ཏོག་ཁ་ཕྱེ་བ་ཞེས་བྱ་བ།,17-72,དབུ་མ། ཀི64,དཔལ་མར་མེ་མཛད་ཡེ་ཤེས།,287-338,ཨ106བ-132བ,ཀི16བ-116བ,,,,,,,,201,,ཀི,16,b,116,b,,,,,,,,,,
378,དབུ་མའི་མན་ངག་ཅེས་བྱ་བ།,17-73,དབུ་མ། ཀི64,དཔལ་མར་མེ་མཛད་ཡེ་ཤེས།,342-345,ཨ132བ-133བ,འདི་མི་གསལ།,,3,ཨ,132,b,133,b,,,འདི་མི་གསལ།,,,,,,,,,,,,,,
379,མདོ་ཀུན་ལས་བཏུས་པ།,1-149,དབུ་མ། ཀི64,འཕགས་པ་ཀླུ་སྒྲུབ།,433-600,ཨ172བ-253ན,ཀི148བ-215ན,,,,,,,,136,,ཀི,148,b,215,a,,,,,,,,,,
380,མདོ་ཀུན་ལས་བཏུས་པའི་དོན་བསྡུས་པ།,17-74,དབུ་མ། ཀི64,དཱི་པཾ་ཀ་ར་ཤྲཱི་ཛྙཱ་ན།,949-954,ཨ395ན-397བ,ཀི338བ-340བ,,,,,,,,5,,ཀི,338,b,340,b,,,,,,,,,,
381,བསླབ་པ་ཀུན་ལས་བཏུས་པའི་ཚིག་ལེའུར་བྱས་པ།,6-2,དབུ་མ། ཁི།64,ཞི་བ་ལྷ།,1004-1008,ཀི1བ-3ན,ཁི1བ-3ན,,,,,,,,6,,ཁི,1,b,3,a,,,,,,,,,,
382,བསླབ་པ་ཀུན་ལས་བཏུས་པ།,6-3,དབུ་མ། ཁི།64,སློབ་དཔོན་ཞི་བ་ལྷ།,1009-1477,ཀི3ན-225བ,ཁི3ན-194བ,,,,,,,,382,,ཁི,3,a,194,b,,,,,,,,,,
383,དེ་བཞིན་གཤེགས་པའི་སྙིང་པོ་ཡེ་གེ་བརྒྱ་པའི་བསྲུང་བ་དང་སྡིག་པ་བཤགས་པའི་ཆོ་ག,6-4,དབུ་མ། ཁི།64,སློབ་དཔོན་ཞི་བ་ལྷ།,1520-1522,ཀི225བ-226བ,ཁི194བ-195བ,,,,,,,,3,,ཁི,194,b,195,b,,,,,,,,,,
384,བྱང་ཆུབ་སེམས་དཔའི་སྤྱོད་པ་མདོ་ཙམ་གདམས་ངག་ཏུ་བྱས་པ།,17-75,དབུ་མ། ཁི64,དཔལ་མར་མེ་མཛད་ཡེ་ཤེས།,1636-1639,ཀི273ན-274,ཁི237ན-238ན,,,,,,,,3,,ཁི,237,a,238,a,,,,,,,,,,
385,བྱང་ཆུབ་ལམ་གྱི་སྒྲོན་མ།,17-76,དབུ་མ། ཁི64,དཔལ་མར་མེ་མཛད་ཡེ་ཤེས།,1641-1648,ཀི274བ-277བ,ཁི238ན-241ན,,,,,,,,7,,ཁི,238,a,241,a,,,,,,,,,,
386,བྱང་ཆུབ་ལམ་གྱི་སྒྲོལ་མའི་དཀའ་འགྲེལ་ཞེས་བྱ་བ།,17-77,དབུ་མ། ཁི།64,ཇོ་བོ་རྗེ།,1650-1775,ཀི277བ-339བ,ཁི241ན-293ན,,,,,,,,105,,ཁི,241,a,293,a,,,,,,,,,,
387,སྙིང་པོ་བསྡུས་པ་ཞེས་བྱ་བ།,17-78,དབུ་མ། ཁི64,དཔལ་མར་མེ་མཛད་ཡེ་ཤེས།,1784-1986,ཀི339བ-340ན,ཁི293ན-293བ,,,,,,,,0,,ཁི,293,a,293,b,,,,,,,,,,
388,སྙིང་པོ་ངེས་པར་བསྡུ་བ་ཞེས་བྱ་བ།,17-79,དབུ་མ། ཁི64,དཔལ་མར་མེ་མཛད་ཡེ་ཤེས།,1787-1790,ཀི340ན-341བ,ཁི293བ-294བ,,,,,,,,3,,ཁི,293,b,294,b,,,,,,,,,,
389,བྱང་ཆུབ་སེམས་དཔའི་ནོར་བུའི་ཕྲེང་བ།,17-80,དབུ་མ། ཁི64,དཔལ་མར་མེ་མཛད་ཡེ་ཤེས།,1791-1794,ཀི341བ-343ན,ཁི294བ-296ན,,,,,,,,6,,ཁི,294,b,296,a,,,,,,,,,,
390,བྱང་ཆུབ་སེམས་དཔའི་སྤྱོད་པ་མདོ་ཙམ་གདམས་ངག་ཏུ་བྱས་པ།,17-81,དབུ་མ། ཁི64,དཔལ་མར་མེ་མཛད་ཡེ་ཤེས།,1795-1798,ཀི343ན-344བ,འདི་མི་གསལ།,,4,ཀི,343,a,344,b,,,འདི་མི་གསལ།,,,,,,,,,,,,,,
391,བྱང་ཆུབ་སེམས་དཔའ་ལས་དང་པོ་པའི་ལམ་ལ་འཇུག་པ་བསྟན་པ།,17-82,དབུ་མ། ཁི64,དཔལ་མར་མེ་མཛད་ཡེ་ཤེས།,1799-1804,ཀི344བ-346བ,ཁི296ན-297བ,,,,,,,,2,,ཁི,296,a,297,b,,,,,,,,,,
392,སྐྱབས་སུ་འགྲོ་བ་བསྟན་པ།,17-83,དབུ་མ། ཁི།64,ཇོ་བོ་རྗེ།,1805-1809,ཀི346བ-348ན,ཁི297བ-299ན,,,,,,,,6,,ཁི,297,b,299,a,,,,,,,,,,
393,ཐེག་པ་ཆེན་པོའི་ལམ་གྱི་སྒྲུབ་ཐབས་ཡི་གེར་བསྡུས་པ།,17-84,དབུ་མ། ཁི64,དཔལ་མར་མེ་མཛད་ཡེ་ཤེས།,1810-1819,ཀི348ན-352ན,ཁི299ན-302བ,,,,,,,,6,,ཁི,299,a,302,b,,,,,,,,,,
394,ཐེག་པ་ཆེན་པོ་ལམ་གྱི་སྒྲུབ་ཐབས་ཤིན་ཏུ་བསྡུས་པ།,17-85,དབུ་མ། ཁི64,དཔལ་མར་མེ་མཛད་ཡེ་ཤེས།,1821-1823,ཀི352ན-353ན,ཁི302བ-303ན,,,,,,,,4,,ཁི,302,b,303,a,,,,,,,,,,
395,རང་གི་བྱ་བའི་རིམ་པ་བསྐུལ་བ་དང་བཅས་པ་ཡི་གེར་བྲིས་པ།,17-86,དབུ་མ། ཁི64,དཔལ་མར་མེ་མཛད་ཡེ་ཤེས།,1824-1827,ཀི353ན-354ན,ཁི303ན-304ན,,,,,,,,3,,ཁི,303,a,304,a,,,,,,,,,,
396,མདོའི་སྡེའི་དོན་ཀུན་ལས་བཏུས་པའི་མན་ངག,17-87,དབུ་མ། ཁི64,དཔལ་མར་མེ་མཛད་ཡེ་ཤེས།,1828-1835,ཀི354ན-356བ,ཁི304ན-306བ,,,,,,,,4,,ཁི,304,a,306,b,,,,,,,,,,
397,མི་དགེ་བ་བཅུའི་ལས་ཀྱི་ལམ་བསྟན་པ།,17-88,དབུ་མ། ཁི64,དཔལ་མར་མེ་མཛད་ཡེ་ཤེས།,1836-1839,ཀི356བ-358ན,ཁི306བ-307བ,,,,,,,,3,,ཁི,306,b,307,b,,,,,,,,,,
398,ལས་རྣམ་པར་འབྱེད་པ་ཞེས་བྱ་བ།,17-89,དབུ་མ། ཁི64,དཔལ་མར་མེ་མཛད་ཡེ་ཤེས།,1840-1852,ཀི358ན-364ན,ཁི308ན-312བ,,,,,,,,8,,ཁི,308,a,312,b,,,,,,,,,,
399,སྤྱོད་པ་བསྡུས་པའི་སྒྲོན་མ།,17-90,དབུ་མ། ཁི64,དཔལ་མར་མེ་མཛད་ཡེ་ཤེས།,1854-1857,ཀི364ན-365ན,312བ-313ན,,,,,,,,4,,,312,b,313,a,,,,,,,,,,
400,མདོ་ཀུན་ལས་བཏུས་པ་ཆེན་པོ་ཞེས་བྱ་བ།,17-157,དབུ་མ། གི།65,དཔལ་མར་མེ་མཛད་ཡེ་ཤེས།,3-490,ཁི1བ-231ན,གི1བ-198བ,,,,,,,,395,,གི,1,b,198,b,,,,,,,,,,
401,བྱང་ཆུབ་ཏུ་སེམས་བསྐྱེད་པའི་ཆོ་ག,1-150,དབུ་མ། གི65,འཕགས་པ་ཀླུ་སྒྲུབ།,642-648,ཁི274ན-276བ,གི237ན-239ན,,,,,,,,5,,གི,237,a,239,a,,,,,,,,,,
402,སེམས་བསྐྱེད་པ་དང་སྡོམ་པའི་ཆོ་གའི་རིམ་པ།,17-91,དབུ་མ། གི65,དཔལ་མར་མེ་མཛད་ཡེ་ཤེས།,667-676,ཁི284ན-288ན,གི245ན-248བ,,,,,,,,6,,གི,245,a,248,b,,,,,,,,,,
403,གསུམ་ལ་སྐྱབས་སུ་འགྲོ་བ་བདུན་ཅུ་པ།,5-17,དབུ་མ། གི65,ཟླ་བ་གྲགས་པ།,685-692,ཁི291ན-295ན,གི241ན-253བ,,,,,,,,24,,གི,241,a,253,b,,,,,,,,,,
404,ལྟུང་བ་བཤགས་པའི་ཆོ་ག,17-92,དབུ་མ། གི65,དཔལ་མར་མེ་མཛད་ཡེ་ཤེས།,700-702,ཁི297ན-297བ,གི255ན-255བ,,,,,,,,0,,གི,255,a,255,b,,,,,,,,,,
405,ཁ་ཏོན་གླེགས་བམ་ཀློག་པའི་སྔོན་དུ་བྱ་བའི་ཆོ་ག,17-93,དབུ་མ། གི65,དཔལ་མར་མེ་མཛད་ཡེ་ཤེས།,703-705,ཁི304བ-305ན,གི255བ-256ན,,,,,,,,4,,གི,255,b,256,a,,,,,,,,,,
406,ཕ་རོལ་ཏུ་ཕྱིན་པའི་ཐེག་པའི་སཙྪ་གདབ་པའི་ཆོ་ག,17-94,དབུ་མ། གི65,དཔལ་མར་མེ་མཛད་ཡེ་ཤེས།,706-708,ཁི301བ-302ན,གི256ན-256བ,,,,,,,,0,,གི,256,a,256,b,,,,,,,,,,
407,བླ་མའི་བྱ་བའི་རིམ་པ།,17-95,དབུ་མ། གི65,དཔལ་མར་མེ་མཛད་ཡེ་ཤེས།,709-711,ཁི302ན-303ན,གི256བ-257ན,,,,,,,,4,,གི,256,b,257,a,,,,,,,,,,
408,འཕགས་པ་དགོངས་པ་ངེས་པར་འགྲེལ་པའི་རྣམ་པར་བཤད་པ།,9-4,མདོ་སྡེ། ངི65,སློབ་དཔོན་ཐོགས་མེད།,725-750,ངི1བ-14ན,ངི1བ-11བ,,,,,,,,21,,ངི,1,b,11,b,,,,,,,,,,
409,སངས་རྒྱས་རྗེས་སུ་དྲན་པའི་འགྲེལ་པ།,9-6,མདོ་སྡེ། ངི65,སློབ་དཔོན་ཐོགས་མེད།,753-762,ངི14ན-18བ,ངི11བ-15ན,,,,,,,,10,,ངི,11,b,15,a,,,,,,,,,,
410,ཆོས་རྗེས་སུ་དྲན་པའི་འགྲེལ་པ།,9-7,མདོ་སྡེ། ངི65,སློབ་དཔོན་ཐོགས་མེད།,764-766,ངི18བ-19ན,ངི15ན-15བ,,,,,,,,0,,ངི,15,a,15,b,,,,,,,,,,
411,དགེ་འདུན་རྗེས་སུ་དྲན་པའི་བཤད་པ།,9-5,མདོ་སྡེ། ངི65,སློབ་དཔོན་ཐོགས་མེད།,767-773,ངི19ན-22ན,ངི15བ-18ན,,,,,,,,8,,ངི,15,b,18,a,,,,,,,,,,
412,འཕགས་པ་སཱ་ལུ་ལྗང་པའི་ཚིག་ལེའུར་བྱས་པ།,1-106,མདོ་སྡེ། ངི65,འཕགས་པ་ཀླུ་སྒྲུབ།,774-781,ངི22ན-25ན,ངི18ན-20བ,,,,,,,,4,,ངི,18,a,20,b,,,,,,,,,,
413,འཕགས་པ་སཱ་ལུ་ལྗང་པ་ཞེས་བྱ་བ་ཐེག་པ་ཆེན་པོའི་མདོའི་རྒྱ་ཆེར་བཤད་པ།,1-107,མདོ་སྡེ། ངི65,སློབ་དཔོན་ཆེན་པོ་ཀླུ་སྒྲུབ།,783-872,ངི25ན-69ན,ངི20བ-55བ,,,,,,,,71,,ངི,20,b,55,b,,,,,,,,,,
414,སངས་རྒྱས་རྗེས་སུ་དྲན་པའི་རྒྱ་ཆེར་འགྲེལ་པ།,10-5,མདོ་སྡེ། ངི65,སློབ་དཔོན་དབྱིག་གཉེན།,882-903,ངི69ན-79བ,55བ-63བ,,,,,,,,17,,,55,b,63,b,,,,,,,,,,
415,ཚིགས་སུ་བཅད་པ་གཅིག་པའི་བཤད་པ།,10-6,མདོ་སྡེ། ངི65,སློབ་དཔོན་དབྱིག་གཉེན།,905-908,ངི79བ-81ན,ངི63བ-64བ,,,,,,,,3,,ངི,63,b,64,b,,,,,,,,,,
416,འཕགས་པ་སྒོ་དྲུག་པའི་གཟུངས་ཀྱི་རྣམ་པར་བཤད་པ།,10-7,མདོ་སྡེ། ངི65,སློབ་དཔོན་དབྱིག་གཉེན།,909-912,ངི81ན-83ན,ངི64བ-66ན,,,,,,,,6,,ངི,64,b,66,a,,,,,,,,,,
417,འཕགས་པ་ཆོས་བཞི་པའི་རྣམ་པར་བཤད་པ།,10-8,མདོ་སྡེ། ངི65,སློབ་དཔོན་དབྱིག་གཉེན།,914-917,ངི83ན-84ན,ངི66ན-67བ,,,,,,,,2,,ངི,66,a,67,b,,,,,,,,,,
418,འཕགས་པ་ག་ཡ་མགོའི་རི་ཞེས་བྱ་བའི་མདོའི་རྣམ་པར་བཤད་པ།,10-10,མདོ་སྡེ། ངི65,སློབ་དཔོན་དབྱིག་གཉེན།,932-945,ངི90ན-96ན,ངི71བ-76ན,,,,,,,,12,,ངི,71,b,76,a,,,,,,,,,,
419,འཕགས་པ་ས་བཅུ་པའི་རྣམ་པར་བཤད་པ།,10-40,མདོ་སྡེ། ངི།65,སློབ་དཔོན་དབྱིག་གཉེན།,1020-1431,ངི130བ3-335ན3,ངི103བ1-266ན7,,,,,,,,328,,ངི,103,b,266,a,,,,,,,,,,
420,འཕགས་པ་བློ་གྲོས་མི་ཟད་པས་བསྟན་པ་རྒྱ་ཆེར་འགྲེལ་པ།,10-11,མདོ་སྡེ། ཅི།66,སློབ་དཔོན་དབྱིག་གཉེན།,3-661,ཅི1བ1-343ན7,ཅི1བ1-269ན7,,,,,,,,538,,ཅི,1,b,269,a,,,,,,,,,,
421,རྟེན་ཅིང་འབྲེལ་པར་འབྱུང་བ་དང་པོའི་རྣམ་པར་དབྱེ་བ་བཤད་པ།,10-21,མདོ་སྡེ། ཆི།66,སློབ་དཔོན་བ་སུ་བན་དྷུ།,717-868,ཆི1བ1-༧༡ན8,ཆི1བ1-61ན7,,,,,,,,122,,ཆི,1,b,61,a,,,,,,,,,,
422,འཕགས་པ་རྣམ་པར་མི་རྟོག་པར་འཇུག་པའི་གཟུངས་ཀྱི་རྒྱ་ཆེར་འགྲེལ་པ།,8-29,མདོ་སྡེ། ཇི།67,སློབ་དཔོན་ཀ་མ་ལ་ཤཱི་ལ།,320-376,ཇི146བ-174བ,ཇི123ན-145བ,,,,,,,,44,,ཇི,123,a,145,b,,,,,,,,,,
423,འཕགས་པ་སཱ་ལུ་ལྗང་པ་མདོ་སྡེ་རྒྱ་ཆེར་འགྲེལ་པ།,8-36,མདོ་སྡེ། ཇི།67,སློབ་དཔོན་ཀ་མ་ལ་ཤཱི་ལ།,380-424,ཇི174བ-196བ,ཇི145བ-163བ,,,,,,,,37,,ཇི,145,b,163,b,,,,,,,,,,
424,འཕགས་པ་འདའ་ཀ་ཡེ་ཤེས་ཞེས་བྱ་བ་ཐེག་པ་ཆེན་པོའི་མདོའི་འགྲེལ་པ།,6-5,མདོ་སྡེ། ཇི།67,སློབ་དཔོན་ཞི་བ་ལྷ།,456-466,ཇི209བ-215ན,ཇི174ན-178ན,,,,,,,,9,,ཇི,174,a,178,a,,,,,,,,,,
425,བྱང་ཆུབ་ཀྱི་ལྟུང་བ་བཤགས་པའི་འགྲེལ་པ།,1-108,མདོ་སྡེ། ཇི།67,སློབ་དཔོན་འཕགས་པ་ཀླུ་སྒྲུབ།,468-492,ཇི215ན-227ན,ཇི178ན-187བ,,,,,,,,18,,ཇི,178,a,187,b,,,,,,,,,,
426,ལས་ཀྱི་སྒྲིབ་པ་རྣམ་པར་སྦྱོང་བའི་ཆོ་ག་བཤད་པ་ཞེས་བྱ་བ།,17-159,མདོ་སྡེ། ཇི།67,སློབ་དཔོན་དཱི་པཾ་ཀ་ར་ཤྲཱི་ཛྙཱ་ན།,514-527,ཇི236ན-342བ,ཇི194ན-198བ,,,,,,,,8,,ཇི,194,a,198,b,,,,,,,,,,
427,འཕགས་པ་བཟང་པོ་སྤྱོད་པའི་སྨོན་ལམ་གྱི་རྒྱལ་པོ་ཆེན་པོའི་བཤད་སྦྱར།,1-151,མདོ་སྡེ། ཉི།67,སློབ་དཔོན་ཀླུ་སྒྲུབ།,1182-1230,ཉི189བ-211ན,ཉི163བ-182ན,,,,,,,,40,,ཉི,163,b,182,a,,,,,,,,,,
428,ཀུན་ཏུ་བཟང་པོའི་སྤྱོད་པའི་སྨོན་ལམ་གྱི་རྒྱལ་པོའི་བཤད་པ།,11-7,མདོ་སྡེ། ཉི།67,སློབ་དཔོན་ཕྱོགས་ཀྱི་གླང་པོ།,1235-1283,ཉི211ན-231ན,ཉི182ན-201ན,,,,,,,,39,,ཉི,182,a,201,a,,,,,,,,,,
429,འཕགས་པ་བཟང་པོ་སྤྱོད་པའི་སྨོན་ལམ་གྱི་འགྲེལ་པ།,10-34,མདོ་སྡེ། ཉི།67,སློབ་དཔོན་དབྱིག་གཉེན།,1436-1482,ཉི288ན-308ན,ཉི252བ-269ན,,,,,,,,36,,ཉི,252,b,269,a,,,,,,,,,,
430,ཐེག་པ་ཆེན་པོ་རྒྱུད་བླ་མའི་བསྟན་བཅོས་རྣམ་པར་བཤད་པ།,9-9,སེམས་ཙམ། ཕི།70,སློབ་དཔོན་ཐོགས་མེད།,987-1118,ཕི74བ-135བ,ཕི74བ-129ན,,,,,,,,112,,ཕི,74,b,129,a,,,,,,,,,,
431,མདོ་སྡེའི་རྒྱན་གྱི་བཤད་པ།,10-12,སེམས་ཙམ། ཕི།71,སློབ་དཔོན་དབྱིག་གཉེན།,1131-1452,ཕི135བ-287ན,ཕི129བ-260,,,,,,,,263,,ཕི,129,b,260,,,,,,,,,,,
432,དབུས་དང་མཐའ་རྣམ་པར་འབྱེད་པའི་འགྲེལ་པ།,10-13,སེམས་ཙམ། བི།71,སློབ་དཔོན་དབྱིག་གཉེན།,3-66,བི1བ-32བ,བི1བ-27ན,,,,,,,,54,,བི,1,b,27,a,,,,,,,,,,
433,ཆོས་དང་ཆོས་ཉིད་རྣམ་པར་འབྱེད་པའི་འགྲེལ་པ།,10-14,སེམས་ཙམ། བི།71,སློབ་དཔོན་དབྱིག་གཉེན།,71-98,བི32བ-45ན,བི27བ-38བ,,,,,,,,23,,བི,27,b,38,b,,,,,,,,,,
434,རྣལ་འབྱོར་སྤྱོད་པའི་ས་ལས་དངོས་གཞི་ས་མང་པོ།,9-20,སེམས་ཙམ། ཚི།72,འཕགས་པ་ཐོགས་མེད།,671-1343,ཛི1བ-332ན,ཚི1བ-283ན,,,,,,,,566,,ཚི,1,b,283,a,,,,,,,,,,
435,རྣལ་འབྱོར་སྤྱོད་པའི་ས་ལས་ཉན་ཐོས་ཀྱི་ས།,9-21,སེམས་ཙམ། ཛི།73,འཕགས་པ་ཐོགས་མེད།,3-486,ཝི1བ-236ན,ཛི1བ-195ན,,,,,,,,390,,ཛི,1,b,195,a,,,,,,,,,,
436,རྣལ་འབྱོར་སྤྱོད་པའི་ས་ལས་བྱང་ཆུབ་སེམས་དཔའི་ས།,9-10,སེམས་ཙམ། ཝི།73,འཕགས་པ་ཐོགས་མེད།,525-1055,ཞི1བ-247ན,ཝི1བ-213ན,,,,,,,,426,,ཝི,1,b,213,a,,,,,,,,,,
437,རྣལ་འབྱོར་སྤྱོད་པའི་ས་རྣམ་པར་གཏན་ལ་དབབ་པ་བསྡུ་བ།,9-11-12,སེམས་ཙམ། ཞི་དང་ཟི།74,འཕགས་པ་ཐོགས་མེད།,3-700དང་747-1047,ཟི་1བ1-127ན4དང འི1བ-142བ,ཞི1བ1-༢༨༩ན7དང་ཟི1བ-127ན,,,,,,,,578,252,ཞི,1,b,289,a,ཟི,1,b,127,a,,,,,
438,རྣལ་འབྱོར་སྤྱོད་པའི་ས་ལས་མདོ་སྡེའི་གཞི་བསྡུ་བ།,9-13,སེམས་ཙམ། ཟི།74,འཕགས་པ་ཐོགས་མེད།,1066-1562,འི143ན-382ན,ཟི127ན-332ན,,,,,,,,411,,ཟི,127,a,332,a,,,,,,,,,,
439,རྣལ་འབྱོར་སྤྱོད་པའི་ས་ལས་འདུལ་བ་བསྡུ་བ།,9-23,སེམས་ཙམ། འི།75,འཕགས་པ་ཐོགས་མེད།,3-54,ཡི1བ-27ན,འི1བ-22ན,,,,,,,,44,,ཨི,1,b,22,a,,,,,,,,,,
440,རྣལ་འབྱོར་སྤྱོད་པའི་ས་ལས་རྣམ་གྲངས་བསྡུ་བ།,9-24,སེམས་ཙམ། འི།75,འཕགས་པ་ཐོགས་མེད།,59-123,ཡི27ན-56བ,འི22བ-47བ,,,,,,,,51,,ཨི,22,b,47,b,,,,,,,,,,
441,རྣལ་འབྱོར་སྤྱོད་པའི་ས་ལས་རྣམ་བཤད་བསྡུ་བ།,9-25,སེམས་ཙམ། འི།75,འཕགས་པ་ཐོགས་མེད།,129-184,ཡི56བ-82ན,འི47བ-68བ,,,,,,,,43,,ཨི,47,b,68,b,,,,,,,,,,
442,བྱང་ཆུབ་སེམས་དཔའི་སའི་འགྲེལ་པ།,15-1,སེམས་ཙམ། འི།75,ཡོན་ཏན་འོད།,387-492,ཡི176ན-229ན,འི141ན-182ན,,,,,,,,83,,ཨི,141,a,182,a,,,,,,,,,,
443,བྱང་ཆུབ་སེམས་དཔའི་ཚུལ་ཁྲིམས་ཀྱི་ལེའུའི་འགྲེལ་པ།,15-2,སེམས་ཙམ། འི།75,ཡོན་ཏན་འོད།,501-523,ཡི229ན-240ན,འི182ན-191ན,,,,,,,,19,,ཨི,182,a,191,a,,,,,,,,,,
444,ཐེག་པ་ཆེན་པོ་བསྡུས་པ,9-15,སེམས་ཙམ། རི།76,སློབ་དཔོན་ཐོགས་མེད།,3-107,ལི1བ-41ན,རི1བ-43ན,,,,,,,,86,,རི,1,b,43,a,,,,,,,,,,
445,ཆོས་མངོན་པ་ཀུན་ལས་བཏུས་པ།,9-16,སེམས་ཙམ། རི།76,སློབ་དཔོན་ཐོགས་མེད།,116-297,ལི51ན-141བ,རི44བ-120ན,,,,,,,,154,,རི,44,b,120,a,,,,,,,,,,
446,ཐེག་པ་ཆེན་པོ་བསྡུས་པའི་འགྲེལ་པ།,10-15,སེམས་ཙམ། རི།76,སློབ་དཔོན་དབྱིག་གཉེན།,314-490,ལི141བ-232བ,རི121བ-190ན,,,,,,,,140,,རི,121,b,190,a,,,,,,,,,,
447,དོན་གསང་བ་རྣམ་པར་ཕྱེ་བ་བསྡུས་ཏེ་བཤད་པ།,10-16,སེམས་ཙམ། རི།76,སློབ་དཔོན་དབྱིག་གཉེན། ༼དཔེ་བསྡུར་མའི་ཟུར་མཆན་དུ་སློབ་དཔོན་དབྱིག་གཉེན་མིན་པར་འཁོད་ཡོད། ༽,982-942,ལི356བ7-434ན8,རི296བ1-361ན7,,,,,,,,132,,རི,296,b,361,a,,,,,,,,,,
448,སུམ་ཅུ་པའི་ཚིག་ལེའུར་བྱས་པ།,10-17,སེམས་ཙམ། ཤི།77,སློབ་དཔོན་དབྱིག་གཉེན།,3-6,1བ-2བ,1བ-3ན,,,,,,,,6,,,1,b,3,a,,,,,,,,,,
449,ཉི་ཤུ་པའི་ཚིག་ལེའུར་བྱས་པ།,10-18,སེམས་ཙམ། ཤི།77,སློབ་དཔོན་དབྱིག་གཉེན།,8-11,སི2བ-4བ,ཤི3ན-4ན,,,,,,,,3,,ཤི,3,a,4,a,,,,,,,,,,
450,ཉི་ཤུ་པའི་འགྲེལ་པ།,10-19,སེམས་ཙམ། ཤི།77,སློབ་དཔོན་དབྱིག་གཉེན།,12-27,སི4བ-11ན,ཤི4ན-10ན,,,,,,,,13,,ཤི,4,a,10,a,,,,,,,,,,
451,རང་བཞིན་གསུམ་ངེས་པར་བསྟན་པ།,10-20,སེམས་ཙམ། ཤི།77,སློབ་དཔོན་དབྱིག་གཉེན།,29-33,སི11ན-12བ,ཤི10ན-11བ,,,,,,,,2,,ཤི,10,a,11,b,,,,,,,,,,
452,ཕུང་པོ་ལྔའི་རབ་ཏུ་བྱེད་པ།,10-22,སེམས་ཙམ། ཤི།77,སློབ་དཔོན་དབྱིག་གཉེན།,35-49,སི12བ-19ན,ཤི11བ-17ན,,,,,,,,14,,ཤི,11,b,17,a,,,,,,,,,,
453,རྣམ་པར་བཤད་པ་རིགས་པའི་མདོ་སྡེའི་དུམ་བུ་བརྒྱ།,10-23,སེམས་ཙམ། ཤི།77,སློབ་དཔོན་དབྱིག་གཉེན།,51-78,སི19ན-31བ,ཤི17བ-29ན,,,,,,,,26,,ཤི,17,b,29,a,,,,,,,,,,
454,རྣམ་པར་བཤད་པའི་རིགས་པ།,10-24,སེམས་ཙམ། ཤི།77,སློབ་དཔོན་དབྱིག་གཉེན།,81-333,སི31བ-156ན,ཤི29ན-134བ,,,,,,,,210,,ཤི,29,a,134,b,,,,,,,,,,
455,ལས་གྲུབ་པའི་རབ་ཏུ་བྱེད་པ།,10-25,སེམས་ཙམ། ཤི།77,སློབ་དཔོན་དབྱིག་གཉེན།,355-381,སི156ན-168བ,ཤི134བ-145ན,,,,,,,,24,,ཤི,134,b,145,a,,,,,,,,,,
456,ཐེག་པ་ཆེན་པོའི་ཆོས་བརྒྱ་གསལ་བའི་སྒོའི་བསྟན་བཅོས།,10-26,སེམས་ཙམ། ཤི།77,སློབ་དཔོན་དབྱིག་གཉེན་དང།,384-388,སི168བ-170ན,ཤི145ན-146བ,,,,,,,,2,,ཤི,145,a,146,b,,,,,,,,,,
457,ཕུང་པོ་ལྔའི་རྣམ་པར་འགྲེལ་པ།,15-3,སེམས་ཙམ། སི།77,ཡོན་ཏན་འོད།,669-744,ཧི67བ-101ན,སི1བ-31བ,,,,,,,,61,,སི,1,b,31,b,,,,,,,,,,
7,ཕུང་པོ་ལྔའི་བཤད་པ།,,སེམས་ཙམ། 1སི། 77,སའི་རྩ་ལག,750-1015,ཧི101ན-231ན,སི32ན-139ན,,,,,,,,215,,སི,32,a,139,a,,,,,,,,,,
458,བསམ་གཏན་གྱི་སྒྲོན་མ་ཞེས་བྱ་བའི་མན་ངག,,སེམས་ཙམ། ཧི།78,སློབ་དཔོན་ཐོགས་མེད།,312-329,ཀུ138ན-145བ,ཧི120བ-126བ,,,,,,,,13,,ཧི,120,b,126,b,,,,,,,,,,
459,རྣལ་འབྱོར་ལ་འཇུག་པ།,11-9,སེམས་ཙམ། ཧི།78,སློབ་དཔོན་ཕྱོགས་ཀྱི་གླང་པོ།,331-333,ཀུ145བ-146བ,ཧི126བ-127བ,,,,,,,,3,,ཧི,126,b,127,b,,,,,,,,,,
460,སྡོམ་པ་ཉི་ཤུ་པའི་འགྲེལ་པ།,17-160,སེམས་ཙམ། ཧི།78,སློབ་དཔོན་ཤཱནྟ་རཀྵི་ཏ།,451-494,ཀུ192བ8-213ན2,ཧི167བ6-184བ3,,,,,,,,35,,ཧི,167,b,184,b,,,,,,,,,,
461,ཆོས་མངོན་པའི་མཛོད་ཀྱི་ཚིག་ལེའུར་བྱས་པ།,10-27,མངོན་པ། ཀུ།79,དགེ་སློང་དབྱིག་གཉེན།,3-60,གུ1བ-27བ,ཀུ1བ-25ན,,,,,,,,50,,ཀུ,1,b,25,a,,,,,,,,,,
462,ཆོས་མངོན་པའི་མཛོད་ཀྱི་བཤད་པ།,10-33,མངོན་པ། ཀུ་དང་ཁུ།79,ཤཱཀྱའི་དགེ་སློང་དབྱིག་གཉེན།,65-631དང་681-911,གུ་27བ6-302ན8དང ངུ1བ-109ན,ཀུ་26ན1-258ན7དང་ཁུ1བ-95ན,,,,,,,,465,188,ཀུ,26,a,258,a,ཁུ,1,b,95,a,,,,,
463,ཆོས་མངོན་པའི་འགྲེལ་པ་གནད་ཀྱི་སྒྲོན་མ་ཞེས་བྱ་བ།,11-20,མངོན་པ། ཉུ།82,ཕྱོགས་ཀྱི་གླང་པོ།,997-1292,ཐུ144ན-286བ,ཉུ95བ-214ན,,,,,,,,240,,ཉུ,95,b,214,a,,,,,,,,,,
464,འཕགས་པ་ཆོས་ཀྱི་དབྱིངས་ཀྱི་སྙིང་པོའི་རྣམ་པར་འགྲེལ་པ།,1-109,མངོན་པ། ཐུ།83,སློབ་དཔོན་ཀླུ་སྒྲུབ།,1159-1161,ནུ239ན-240ན,ཐུ222བ-223ན,,,,,,,,4,,ཐུ,222,b,223,a,,,,,,,,,,
465,བསྟན་བཅོས་ཚིགས་སུ་བཅད་པ་བསྡུས་པ་ཞེས་བྱ་བ།,10-28,མངོན་པ། ཐུ།83,སློབ་དཔོན་དབྱིག་གཉེན།,1163-1166,ནུ240ན-241ན,ཐུ223ན-224ན,,,,,,,,3,,ཐུ,223,a,224,a,,,,,,,,,,
466,ཚིགས་སུ་བཅད་པའི་དོན་བསྡུས་པ་ཞེས་བྱ་བའི་བསྟན་བཅོས།,10-38,མངོན་པ། ཐུ།83,སློབ་དཔོན་དབྱིག་གཉེན།,1168-1260,ནུ241ན-286ན,ཐུ224ན-261ན,,,,,,,,75,,ཐུ,224,a,261,a,,,,,,,,,,
467,འདུལ་བའི་མདོ།,15-4,འདུལ་བ། ཝུ།88,བཙུན་པ་ཡོན་ཏན་འོད།,837-1082,ཟུ1བ-109བ,ཝུ1བ-100ན,,,,,,,,200,,ཝུ,1,b,100,a,,,,,,,,,,
468,ལས་བརྒྱ་རྩ་གཅིག་པ།,15-5,འདུལ་བ། ཝུ།88,ཡོན་ཏན་འོད།,1105-1492,ཟུ109བ-298ན,ཝུ100བ-259ན,,,,,,,,320,,ཝུ,100,b,259,a,,,,,,,,,,
469,འདུལ་བའི་མདོའི་འགྲེལ་པ་མངོན་པར་བརྗོད་པ་རང་གི་རྣམ་པར་བཤད་པ་ཞེས་བྱ་བ།,15-6-7,འདུལ་བ། ཞུ་དང་ཟུ།89,སློབ་དཔོན་ཡོན་ཏན་འོད།,3-705དང་761-1444,འུ1བ1-328ན5ཡུ1བ-342ན,ཞུ1བ1-278ན7ཟུ1བ-274ན,,,,,,,,556,546,ཞུ,1,b,278,a,ཟུ,1,b,274,a,,,,,
470,འདུལ་བ་མདོའི་རྣམ་པར་བཤད་པ།,15-8,འདུལ་བ། རུ།92,སློབ་དཔོན་པྲཛྙཱ་ཀ་ར།,3-667,ཤུ1བ1-314ན6,རུ1བ1-263ན7,,,,,,,,526,,རུ,1,b,263,a,,,,,,,,,,
471,འདུལ་བ་མདོའི་འགྲེལ་པ།,15-9,འདུལ་བ། ལུ།92,སློབ་དཔོན་ཡོན་ཏན་འོད།,739-1581,སུ1བ-429ན,ལུ1བ-344ན,,,,,,,,688,,ལུ,1,b,344,a,,,,,,,,,,
472,འཕགས་པ་གཞི་ཐམས་ཅད་ཡོད་པར་སྨྲ་བའི་དགེ་ཚུལ་གྱི་ཚིག་ལེའུར་བྱས་པ།,16-1,འདུལ་བ། ཤུ།93,སློབ་དཔོན་ཤཱཀྱ་འོད།,167-196,ཧུ67ན-79བ,ཤུ63ན-74ན,,,,,,,,23,,ཤུ,63,a,74,a,,,,,,,,,,
473,འཕགས་པ་གཞི་ཐམས་ཅད་ཡོད་པར་སྨྲ་བའི་དགེ་ཚུལ་གྱི་ཚིག་ལེའུར་བྱས་པའི་འགྲེལ་པ་འོད་ལྡན།,16-2,འདུལ་བ། ཤུ།93,སློབ་དཔོན་ཤཱཀྱ་འོད།,200-444,ཧུ79བ-184བ,ཤུ74ན-162བ,,,,,,,,176,,ཤུ,74,a,162,b,,,,,,,,,,
474,འཕགས་པ་གཞི་ཐམས་ཅད་ཡོད་པར་སྨྲ་བའི་དགེ་ཚུལ་གྱི་ཚིག་ལེའུར་བྱས་པ།,1-110,འདུལ་བ། སུ།93,སློབ་དཔོན་ཀླུ་སྒྲུབ།,735-731,ཨུ1བ-5ན,སུ1བ-4བ,,,,,,,,7,,སུ,1,b,4,b,,,,,,,,,,
475,དགེ་སྦྱོང་གི་ཀཱ་རི་ཀཱ་ལྔ་བཅུ་པ་མདོ་ཙམ་དུ་བཤད་པ།,8-30,འདུལ་བ། སུ།93,སློབ་དཔོན་ཀ་མ་ལ་ཤྲཱི་ལ།,733-794,ཨུ5ན-35བ,སུ4བ-28ན,,,,,,,,50,,སུ,4,b,28,a,,,,,,,,,,
476,དགེ་ཚུལ་གྱི་དང་པོའི་ལོ་དྲི་བ།,17-162,འདུལ་བ། སུ།93,དཱི་པཾ་ཀ་ར།,904-909,ཨུ78ན3-80ན5,སུ64ན5-66ན1,,,,,,,,5,,སུ,64,a,66,a,,,,,,,,,,
477,དགེ་སློང་གི་དང་པོའི་ལོ་དྲི་བ།,17-163,འདུལ་བ། སུ།93,དཱི་པཾ་ཀ་ར།,911-923,ཨུ317ན1-323ན8,སུ66ན1-70བ3,,,,,,,,8,,སུ,66,a,70,b,,,,,,,,,,
478,སྡེ་པ་ཐ་དད་པར་བྱེད་པ་དང་རྣམ་པར་བཤད་པ།,4-11,འདུལ་བ། སུ།93,ལེགས་ལྡན་འབྱེད།,1144-1165,ཨུ177ན1-187བ3,སུ147ན3-154བ3,,,,,,,,14,,སུ,147,a,154,b,,,,,,,,,,
479,བསླབ་པ་བཅུའི་ཆོ་ག,1-111,འདུལ་བ། སུ།93,ཀླུ་སྒྲུབ།,1443-1445,འདི་ཆད།,སུ352བ-353ན,,,,,,,,4,,སུ,352,b,353,a,,,,,,,,,,
8,སྐྱེས་པའི་རབས་ཀྱི་རྒྱ་ཆེར་བཤད་པ།,,སྐྱེས་རབས། ཧུ།,དྷརྨ་ཀཱིརྟི།,386-873,ཀེ152བ-394ན,ཧུ135བ-340ན,,,,,,,,412,,ཧུ,135,b,340,a,,,,,,,,,,
480,རྒྱལ་པོ་གཏམ་བྱ་བ་རིན་པོ་ཆེའི་ཕྲེང་བ།,1-112,སྐྱེས་རབས། གེ། 96,འཕགས་པ་ཀླུ་སྒྲུབ།,288-335,ངེ129ན-152བ,གེ107ན-126ན༌,,,,,,,,39,,གེ,107,a,126,a,,,,,,,,,,
481,རྨི་ལམ་ཡིད་བཞིན་ནོར་བུའི་གཏམ།,1-113,སྐྱེས་རབས། གེ། 96,འཕགས་པ་ཀླུ་སྒྲུབ།,445-449,ངེ198བ-200བ,གེ165ན-166བ,,,,,,,,2,,གེ,165,a,166,b,,,,,,,,,,
482,སྦྱིན་པའི་གཏམ།,1-114,སྐྱེས་རབས། གེ། 96,སློབ་དཔོན་ཀླུ་སྒྲུབ།,450-452,ངེ200བ-201ན,གེ166བ-167བ,,,,,,,,3,,གེ,166,b,167,b,,,,,,,,,,
483,སྲིད་པ་ལས་འདས་པའི་གཏམ།,1-115,སྐྱེས་རབས། གེ། 96,འཕགས་པ་ཀླུ་སྒྲུབ།,453-455,ངེ201ན-202ན,གེ167བ-168ན,,,,,,,,4,,གེ,167,b,168,a,,,,,,,,,,
484,ཡོན་ཏན་བདུན་ཡོངས་སུ་བརྗོད་པའི་གཏམ།,10-29,སྐྱེས་རབས། གེ། 96,སློབ་དཔོན་དབྱིག་གཉེན།,456-459,ངེ202ན-203ན,གེ168ན-169ན,,,,,,,,3,,གེ,168,a,169,a,,,,,,,,,,
485,ཚུལ་ཁྲིམས་ཀྱི་གཏམ།,10-30,སྐྱེས་རབས། གེ། 96,སློབ་དཔོན་དབྱིག་གཉེན།,460-462,ངེ203ན-203བ,གེ169ན-169བ,,,,,,,,0,,གེ,169,a,169,b,,,,,,,,,,
486,ཚོགས་ཀྱི་གཏམ།,10-31,སྐྱེས་རབས། གེ། 96,སློབ་དཔོན་དབྱིག་གཉེན།,475-480,ངེ208བ-210ན,གེ173བ-175ན,,,,,,,,6,,གེ,173,b,175,a,,,,,,,,,,
487,འདོད་པའི་ཡོན་ཏན་ལྔའི་ཉེས་དམིགས་བཤད་པ།,10-32,སྤྲིང་ཡིག ངེ།96,སློབ་དཔོན་དབྱིག་གཉེན།,662-663,ངེ281ན-281བ,ངེ39ན-39བ,,,,,,,,0,,ངེ,39,a,39,b,,,,,,,,,,
488,བཤེས་པའི་སྤྲིང་ཡིག,1-116,སྤྲིང་ཡིག ངེ།96,འཕགས་པ་ཀླུ་སྒྲུབ།,669-684,ངེ282བ-290ན,ངེ40བ-46བ,,,,,,,,13,,ངེ,40,b,46,b,,,,,,,,,,
489,དྲི་མ་མེད་པ་རིན་པོ་ཆེའི་སྤྲིང་ཡིག་ཅེས་བྱ་བ།,17-161,སྤྲིང་ཡིག ངེ།96,དཱི་པཾ་ཤྲཱི་ཛྙཱ་ན།,758-763,ངེ320ན-322ན,ངེ70ན-71བ,,,,,,,,2,,ངེ,70,a,71,b,,,,,,,,,,
490,ལྷོ་ཟ་མོ་ཚངས་དབྱངས་ལ་སྡུག་བསྔལ་བརྒྱད་ཀྱི་བྱེ་བྲག་བསྟན་པ།,8-31,སྤྲིང་ཡིག ངེ།96,སློབ་དཔོན་ཀ་མ་ལ་ཤཱི་ལ།,937-942,འདི་མི་གསལ།,ངེ133ན-135ན,,,,,,,,5,,ངེ,133,a,135,a,,,,,,,,,,
491,དད་བསྐྱེད་སྒྲོན་མ།,8-32,སྤྲིང་ཡིག ངེ།96,སློབ་དཔོན་ཀ་མ་ལ་ཤཱི་ལ།,956-967,ངེ410ན-415བ,ངེ139ན-143ན,,,,,,,,9,,ངེ,139,a,143,a,,,,,,,,,,
492,ཚད་མ་ཀུན་ལས་བཏུས་པ་ཞེས་བྱ་བའི་རབ་ཏུ་བྱེད་པ།,11-10,ཚད་མ། ཅེ།97,སློབ་དཔོན་ཕྱོགས་གླང།,3-30,འདི་མི་གསལ།,ཅེ1བ-13ན,,,,,,,,26,,ཅེ,1,b,13,a,,,,,,,,,,
493,ཚད་མ་ཀུན་ལས་བཏུས་པ།,11-12,ཚད་མ། ཅེ།97,ཕྱོགས་གླང།,31-55,ཅེ1བ-13ན,འདི་མི་གསལ།,,24,ཅེ,1,b,13,a,,,འདི་མི་གསལ།,,,,,,,,,,,,,,
494,ཚད་མ་ཀུན་ལས་བཏུས་པའི་འགྲེལ་པ།,11-13,ཚད་མ། ཅེ།97,སློབ་དཔོན་ཕྱོགས་ཀྱི་གླང་པོ།,57-235,ཅེ13ན-93བ,ཅེ14ན-85བ,,,,,,,,142,,ཅེ,14,a,85,b,,,,,,,,,,
495,ཚད་མ་ཀུན་ལས་བཏུས་པའི་འགྲེལ་པ།,11-27,ཚད་མ། ཅེ།97,ཕྱོགས་གླང།,252-424,ཅེ93བ-177ན,འདི་མི་གསལ།,,168,ཅེ,93,b,177,a,,,འདི་མི་གསལ།,,,,,,,,,,,,,,
496,དམིགས་པ་བརྟག་པ།,11-14,ཚད་མ། ཅེ།97,ཕྱོགས་གླང།,430-431,ཅེ177ན-177བ,ཅེ86ན-86ན,,,,,,,,1,,ཅེ,86,a,86,a,,,,,,,,,,
497,དམིགས་པ་བརྟག་པའི་འགྲེལ་པ།,11-15,ཚད་མ། ཅེ།97,ཕྱོགས་ཀྱི་གླང་པོ།,432-436,ཅེ177བ-179ན,ཅེ86ན-87བ,,,,,,,,2,,ཅེ,86,a,87,b,,,,,,,,,,
498,དུས་གསུམ་བརྟག་པ་ཞེས་བྱ་བ།,11-16,ཚད་མ། ཅེ།97,ཕྱོགས་ཀྱི་གླང་པོ།,437-440,ཅེ179ན-180བ,ཅེ87བ-88བ,,,,,,,,3,,ཅེ,87,b,88,b,,,,,,,,,,
499,ཚད་མ་རིགས་པར་འཇུག་པའི་སྒོ་ཞེས་བྱ་བའི་རབ་ཏུ་བྱེད་པ།,11-17,ཚད་མ། ཅེ།97,ཕྱོགས་ཀྱི་གླང་པོ།,442-452,ཅེ180བ-184བ,འདི་མི་གསལ།,,9,ཅེ,180,b,184,b,,,འདི་མི་གསལ།,,,,,,,,,,,,,,
500,ཚད་མའི་བསྟན་བཅོས་རིགས་པ་ལ་འཇུག་པ་ཞེས་བྱ་བ།,11-21,ཚད་མ། ཅེ།97,ཕྱོགས་ཀྱི་གླང་པོ།,453-463,ཅེ184བ-189ན,ཅེ88བ-93ན,,,,,,,,12,,ཅེ,88,b,93,a,,,,,,,,,,
501,གཏན་ཚིགས་ཀྱི་འཁོར་ལོ་གཏན་ལ་དབབ་པ།,11-18,ཚད་མ། ཅེ།97,ཕྱོགས་ཀྱི་གླང་པོ།,465-467༌,ཅེ189ན-190ན,ཅེ93ན-93ན,,,,,,,,1,,ཅེ,93,a,93,a,,,,,,,,,,
502,ཚད་མ་རྣམ་འགྲེལ་གྱི་ཚིག་ལེའུར་བྱས་པ།,12-3,ཚད་མ། ཅེ།97,ཆོས་ཀྱི་གྲགས་པ།,469-602,ཅེ190ན-240བ,ཅེ94ན-151ན,,,,,,,,115,,ཅེ,94,a,151,a,,,,,,,,,,
503,ཚད་མ་རྣམ་པར་ངེས་པ།,12-4,ཚད་མ། ཅེ།97,ཆོས་ཀྱི་གྲགས་པ།,614-792,ཅེ250བ-329བ,ཅེ152བ-230ན,,,,,,,,158,,ཅེ,152,b,230,a,,,,,,,,,,
504,རིགས་པའི་ཐིགས་པ་ཞེས་བྱ་བའི་རབ་ཏུ་བྱེད་པ།,12-5,ཚད་མ། ཅེ།97,ཆོས་ཀྱི་གྲགས་པ།,812-829,ཅེ329བ-337ན,ཅེ221བ-138ན,,,,,,,,-164,,ཅེ,221,b,138,a,,,,,,,,,,
506,གཏན་ཚིགས་ཀྱི་ཐིགས་པ་ཞེས་བྱ་བའི་རབ་ཏུ་བྱེད་པ།,12-6,ཚད་མ། ཅེ།97,ཆོས་ཀྱི་གྲགས་པ།,832-874,ཅེ337ན-357ན,ཅེ238ན-255ན,,,,,,,,35,,ཅེ,238,a,255,a,,,,,,,,,,
507,འབྲེལ་བ་བརྟག་པའི་རབ་ཏུ་བྱེད་པ།,12-7,ཚད་མ། ཅེ།97,ཆོས་ཀྱི་གྲགས་པ།,880-883,ཅེ357ན-358ན,ཅེ255ན-256ན,,,,,,,,3,,ཅེ,255,a,256,a,,,,,,,,,,
508,འབྲེལ་བ་བརྟག་པའི་འགྲེལ་པ།,12-8,ཚད་མ། ཅེ།97,ཆོས་ཀྱི་གྲགས་པ།,884-898,ཅེ358ན-364བ,ཅེ256ན-261ན,,,,,,,,11,,ཅེ,256,a,261,a,,,,,,,,,,
509,ཚད་མ་རྣམ་འགྲེལ་གྱི་འགྲེལ་པ།,12-10,ཚད་མ། ཅེ།97,ཆོས་ཀྱི་གྲགས་པ།,900-1151,ཅེ404བ-535ན,ཅེ261བ-365ན,,,,,,,,210,,ཅེ,261,b,365,a,,,,,,,,,,
510,རྩོད་པའི་རིགས་པ་ཞེས་བྱ་བའི་རབ་ཏུ་བྱེད་པ།,12-11,ཚད་མ། ཆེ།,སློབ་དཔོན་དྷརྨཱ་ཀཱིརྟི།,863-934,ཆེ364བ8-400ན7,ཆེ326བ4-355བ5,,,,,,,,59,,ཆེ,326,b,355,b,,,,,,,,,,
511,རྒྱུད་གཞན་གྲུབ་པ་ཞེས་བྱ་བའི་རབ་ཏུ་བྱེད་པ།,12-9,ཚད་མ། ཆེ།,སློབ་དཔོན་དྷརྨཱ་ཀཱིརྟི།,941-950,ཆེ400ན7-404བ3,ཆེ355བ5-359ན7,,,,,,,,10,,ཆེ,355,b,359,a,,,,,,,,,,
512,རིགས་པའི་ཐིགས་པའི་ཕྱོགས་སྔ་མ་མདོར་བསྡུས་པ།,8-33,ཚད་མ། ཝེ།105,སློབ་དཔོན་ཀ་མ་ལ་ཤཱི་ལ།,258-277,ཞེ113ན-122བ,ཝེ92ན-99བ,,,,,,,,14,,ཝེ,92,a,99,b,,,,,,,,,,
513,རྩོད་པའི་རིགས་པའི་འགྲེལ་པ་དོན་རྣམ་པར་འབྱེད་པ།,7-10,ཚད་མ། ཞེ།106,ཤཱནྟ་རཀྵི་ཏ།,137-377,ཚེ་21བ2-137ན8,ཞེ51ན2-151ན6,,,,,,,,201,,ཞེ,51,a,151,a,,,,,,,,,,
514,དེ་ཁོ་ན་ཉིད་བསྡུས་པའི་ཚིག་ལེའུར་བྱས་པ།,7-7,ཚད་མ། ཟེ།107,སློབ་དཔོན་ཞི་བ་འཚོ།,3-326,འེ1བ-159བ,1བ-123ན,,,,,,,,246,,,1,b,123,a,,,,,,,,,,
515,དེ་ཁོ་ན་ཉིད་བསྡུས་པའི་དཀའ་འགྲེལ།,8-34,ཚད་མ། ཟེ་དང་འེ།107,སློབ་དཔོན་ཀ་མ་ལ་ཤཱི་ལ།,353-941དང་191-1800,འེ159བ2-431ན8དང་ཡེ1བ-405ན,ཟེ་133ན6-363ན7དང་འེ1བ-221བ,,,,,,,,461,441,ཟེ,133,a,363,a,འེ,1,b,221,b,,,,,
516,སྦྱོར་བ་བརྒྱ་པ།,1-117,གསོ་བ་རིག་པ།111,འཕགས་པ་ཀླུ་སྒྲུབ།,3-19,སེ1བ-9བ,ཧེ1བ-8བ,,,,,,,,15,,ཧེ,1,b,8,b,,,,,,,,,,
517,སྨན་འཚོ་བའི་མདོ་ཚིགས་སུ་བཅད་པ།,1-153,གསོ་བ་རིག་པ།111,འཕགས་པ་ཀླུ་སྒྲུབ་སྙིང་པོ།,23-31,སེ9བ-13བ,ཧེ8བ-12ན,,,,,,,,10,,ཧེ,8,b,12,a,,,,,,,,,,
518,སློབ་དཔོན་ཀླུ་སྒྲུབ་ཀྱིས་བཤད་པ་སྨན་ཨ་བའི་ཆོ་ག,1-118,གསོ་བ་རིག་པ།111,འཕགས་པ་ཀླུ་སྒྲུབ།,34-38,སེ13བ-15ན,ཧེ12ན-13ན,,,,,,,,3,,ཧེ,12,a,13,a,,,,,,,,,,
519,སྤོས་སྦྱོར་རིན་པོ་ཆེའི་ཕྲེང་བ་ཞེས་བྱ་བ།,1-119,སྣ་ཚོགས། ངོ114,འཕགས་པ་ཀླུ་སྒྲུབ།,937-938,གོ29བ-29བ,འདི་མི་གསལ།,,1,གོ,29,b,29,b,,,འདི་མི་གསལ།,,,,,,,,,,,,,,
520,སྤོས་ཀྱི་སྦྱོར་བ་རེའུ་ཆར་བྱས་པ།,1-120,སྣ་ཚོགས། ངོ།114,མགོན་པོ་ཀླུ་སྒྲུབ།,939-941,གི29བ-30ན,ངོ18ན-18བ,,,,,,,,0,,ངོ,18,a,18,b,,,,,,,,,,
521,རྟེན་ཅིང་འབྲེལ་པར་འབྱུང་བའི་དེ་ཁོ་ན་ཉིད་ཅེས་བྱ་བ།,1-121,སྣ་ཚོགས། ངོ།114,མགོན་པོ་ཀླུ་སྒྲུབ།,949-972,གོ32བ-42བ,འདི་མི་གསལ།,,21,གོ,32,b,42,b,,,འདི་མི་གསལ།,,,,,,,,,,,,,,
522,མོ་རྩིས་འཇམ་པའི་དབྱངས་ཞེས་བྱ་བ།,,སྣ་ཚོགས། ངོ།114,དཔལ་ལྡན་ཞི་བ་ལྷ།,1244-1258,གོ98ན-103བ,འདི་མི་གསལ།,,12,གོ,98,a,103,b,,,འདི་མི་གསལ།,,,,,,,,,,,,,,
523,ཤེས་རབ་བརྒྱ་པ་ཞེས་བྱ་བའི་རབ་ཏུ་བྱེད་པ།,1-122,སྣ་ཚོགས། ངོ།114,མགོན་པོ་ཀླུ་སྒྲུབ།,1292-1302,གོ140བ-145ན,ངོ99བ-103ན,,,,,,,,10,,ངོ,99,b,103,a,,,,,,,,,,
524,ལུགས་ཀྱི་བསྟན་བཅོས་ཤེས་རབ་སྡོང་བུ་ཞེས་བྱ་བ།,1-123,སྣ་ཚོགས། ངོ།114,མགོན་པོ་ཀླུ་སྒྲུབ།,1305-1330,གོ145ན-156བ,103ན-113ན,,,,,,,,21,,,103,a,113,a,,,,,,,,,,
525,ལུགས་ཀྱི་བསྟན་བཅོས་སྐྱེ་བོ་གསོ་བའི་ཐིགས་པ་ཞེས་བྱ་བ།,1-124,སྣ་ཚོགས། ངོ།114,མགོན་པོ་ཀླུ་སྒྲུབ།,1333-1342,གོ156བ-161ན,ངོ112ན-116བ,,,,,,,,8,,ངོ,112,a,116,b,,,,,,,,,,
526,འཕགས་པ་དགོངས་པ་ངེས་པར་འགྲེལ་པའི་མདོའི་རྣམ་པར་བཤད་པ།,9-17,སྣ་ཚོགས། ཆོ་དང་ཇོ་པ།,འཕགས་པ་ཐོགས་མེད།,1009-1739དང་3-449,ཅོ1བ1-352ན8དང་ཆོ1བ1-217ན3,ཆོ1བ1-293ན7དང་ཇོ1བ1-183བ7,,,,,,,,586,365,ཆོ,1,b,293,a,ཇོ,1,b,183,b,,,,,
527,བྱང་ཆུབ་སེམས་དཔའི་སྤྱོད་པ་ལ་འཇུག་པའི་སྨོན་ལམ།,6-7,སྣ་ཚོགས། ཉོ།116,སློབ་དཔོན་ཆེན་པོ་ཞི་བ་ལྷ།,1661-1668,མོ300ན-305ན,ཉོ312ན-315ན,,,,,,,,7,,ཉོ,312,a,315,a,,,,,,,,,,
528,རྡོ་རྗེའི་སྨོན་ལམ།,1-125,སྣ་ཚོགས། ཉོ།116,དཔལ་ཀླུ་སྒྲུབ།,1670-1672,འདི་ཆད།,ཉོ315ན-316ན,,,,,,,,3,,ཉོ,315,a,316,a,,,,,,,,,,
529,བྱང་ཆུབ་འབྱུང་བའི་སྨོན་ལམ།,1-126,སྣ་ཚོགས།་ཉོ།116,འཕགས་པ་ཀླུ་སྒྲུབ།,1674-1677,མོ304ན-305ན,ཉོ316ན-317ན,,,,,,,,3,,ཉོ,316,a,317,a,,,,,,,,,,
530,འཕགས་པ་ཀླུ་སྒྲུབ་ཀྱི་སྨོན་ལམ་ཞེས་བྱ་བ།,1-159,སྣ་ཚོགས། ཉོ།116,སློབ་དཔོན་ཀླུ་སྒྲུབ།,1681-1683,མོ306ན-306བ,ཉོ317བ-318ན,,,,,,,,4,,ཉོ,317,b,318,a,,,,,,,,,,
531,རྒྱལ་པོ་ལ་གཏམ་བྱ་བ་རིན་པོ་ཆེའི་ཕྲེང་བ་ལས་བྱུང་བའི་སྨོན་ལམ་ཚིགས་སུ་བཅད་པ་ཉི་ཤུ་པ།,1-163,སྣ་ཚོགས། ཉོ།16,འཕགས་པ་ཀླུ་སྒྲུབ།,1684-1687,མོ299ན-300བ,ཉོ318ན-319ན,,,,,,,,3,,ཉོ,318,a,319,a,,,,,,,,,,
532,རིགས་ཀྱི་སྨོན་ལམ་ཞེས་བྱ་བ།,17-96,སྣ་ཚོགས། ཉོ།16,དཔལ་མར་མེ་མཛད་ཡེ་ཤེས།,1688-1689,མོ306བ-307ན,ཉོ319ན-319བ,,,,,,,,0,,ཉོ,319,a,319,b,,,,,,,,,,
533,སློབ་དཔོན་ཀཱ་མ་ལ་ཤཱི་མའི་སྨོན་ལམ་མུ་གཉིས་མ་ཞེས་བྱ་བ།,8-35,སྣ་ཚོགས། ཉོ།16,ཀཱ་མ་ལ་ཤཱི་ལ།,1707-1709,མོ313ན-313བ,ཉོ324ན-324བ,,,,,,,,0,,ཉོ,324,a,324,b,,,,,,,,,,
534,སྨོན་ལམ་རིན་པོ་ཆེའི་རྒྱལ་པོ་ཞེས་བྱ་བ།,1-127,སྣ་ཚོགས། ཉོ།16,སློབ་དཔོན་ཆེན་པོ་ཀླུ་སྒྲུབ།,1714-1717,ལུ133ན-134ན,325བ-326བ,,,,,,,,3,,,325,b,326,b,,,,,,,,,,
535,བཀྲ་ཤིས་ཀྱི་ཚིགས་སུ་བཅད་པ།,1-128,སྣ་ཚོགས། ཉོ།16,འཕགས་པ་ཀླུ་སྒྲུབ།,1792-1795,མོ343ན-345ན,ཉོ346ན-347ན,,,,,,,,3,,ཉོ,346,a,347,a,,,,,,,,,,
536,བཀྲ་ཤིས་ཀྱི་ཚིགས་སུ་བཅད་པ།,1-129,སྣ་ཚོགས། ཉོ།16,འཕགས་པ་ཀླུ་སྒྲུབ།,1797-1802,མོ345ན-348བ,ཉོ347ན-349ན,,,,,,,,5,,ཉོ,347,a,349,a,,,,,,,,,,
537,འཕགས་པ་ཀླུ་སྒྲུབ་ཀྱི་ཞལ་སྔ་ནས་མཛད་པའི་མན་ངག་ཟབ་མོ།,1-130,སྣ་ཚོགས། ནོ།20,འཕགས་པ་ཀླུ་སྒྲུབ།,696-713,དོ249ན-257བ,ནོ286བ-294ན,,,,,,,,18,,ནོ,286,b,294,a,,,,,,,,,,
,,,,,,,,,548,,,,,,23733,3086,,,,,,,,,,,,,,,
,,,,,,,,,1,,,,,,40,5,,,,,,,,,,,,,,,